case,method,atlas,key,label,correlation,reference_voxels,moving_voxels,dice,volume_bias_percent,mean_boundary_mm,hd95_mm,centroid_mm
MNI152NLin6Asym_to_MNI152NLin2009cAsym_res-01,identity,HOCPA,1,Frontal Pole,0.7647589798621407,132792,120948,0.8929061243792858,-8.919212000722935,1.0951492056663006,2.23606797749979,1.239619699923774
MNI152NLin6Asym_to_MNI152NLin2009cAsym_res-01,identity,HOCPA,2,Insular Cortex,0.8480362758466242,22912,21449,0.8819007686932215,-6.385300279329609,0.6924755192541179,1.4142135623730951,1.190833850322522
MNI152NLin6Asym_to_MNI152NLin2009cAsym_res-01,identity,HOCPA,3,Superior Frontal Gyrus,0.7528747204301521,48957,45246,0.8363640223772066,-7.580121330963907,1.1800129309740721,2.23606797749979,2.0173583185427364
MNI152NLin6Asym_to_MNI152NLin2009cAsym_res-01,identity,HOCPA,4,Middle Frontal Gyrus,0.704703816682098,47698,45499,0.8767664195199416,-4.610256195228311,1.0109932357190323,2.23606797749979,0.9238384799541629
MNI152NLin6Asym_to_MNI152NLin2009cAsym_res-01,identity,HOCPA,5,"Inferior Frontal Gyrus, pars triangularis",0.6576285248420894,10879,9503,0.8448631145128054,-12.648221343873518,0.8231711563188603,2.0,2.3766831456070556
MNI152NLin6Asym_to_MNI152NLin2009cAsym_res-01,identity,HOCPA,6,"Inferior Frontal Gyrus, pars opercularis",0.7567789501796159,11576,11674,0.885247311827957,0.8465791292328957,0.680490171512177,1.7320508075688772,2.0013117333142905
MNI152NLin6Asym_to_MNI152NLin2009cAsym_res-01,identity,HOCPA,7,Precentral Gyrus,0.7801602973191115,72750,70031,0.8646528599743664,-3.7374570446735396,0.9953449595897637,2.23606797749979,1.8270180983242537
MNI152NLin6Asym_to_MNI152NLin2009cAsym_res-01,identity,HOCPA,8,Temporal Pole,0.7074069024055478,40520,37827,0.8931803387494097,-6.646100691016782,0.8898684030280637,2.0,1.7704221322354932
MNI152NLin6Asym_to_MNI152NLin2009cAsym_res-01,identity,HOCPA,9,"Superior Temporal Gyrus, anterior division",0.6145170638577369,4818,4482,0.8103225806451613,-6.973848069738481,0.8337537046439956,1.7320508075688772,1.0874644699500748
MNI152NLin6Asym_to_MNI152NLin2009cAsym_res-01,identity,HOCPA,10,"Superior Temporal Gyrus, posterior division",0.5576710600995212,6782,6488,0.8281838733986435,-4.335004423473902,0.6472764264872171,1.4142135623730951,1.1718282934256645
MNI152NLin6Asym_to_MNI152NLin2009cAsym_res-01,identity,HOCPA,11,"Middle Temporal Gyrus, anterior division",0.5879287175169992,7546,6952,0.8312870740791833,-7.871720116618076,0.8346531183945995,2.0,1.4615006013046636
MNI152NLin6Asym_to_MNI152NLin2009cAsym_res-01,identity,HOCPA,12,"Middle Temporal Gyrus, posterior division",0.7104602798430036,23892,21879,0.8978173952939634,-8.425414364640885,0.7414762073393092,2.0,0.6731258118962122
MNI152NLin6Asym_to_MNI152NLin2009cAsym_res-01,identity,HOCPA,13,"Middle Temporal Gyrus, temporooccipital part",0.690021781479563,17007,16041,0.8953038005325588,-5.680014111836303,0.7044713372488615,1.7320508075688772,0.47645243942591314
MNI152NLin6Asym_to_MNI152NLin2009cAsym_res-01,identity,HOCPA,14,"Inferior Temporal Gyrus, anterior division",0.698760360153301,5798,5385,0.7962085308056872,-7.12314591238358,0.9611786734468116,2.23606797749979,3.040730200824662
MNI152NLin6Asym_to_MNI152NLin2009cAsym_res-01,identity,HOCPA,15,"Inferior Temporal Gyrus, posterior division",0.8127869704264196,16274,15745,0.8422499141134951,-3.2505837532260045,0.9059672922501892,1.7320508075688772,1.3438884652665517
MNI152NLin6Asym_to_MNI152NLin2009cAsym_res-01,identity,HOCPA,16,"Inferior Temporal Gyrus, temporooccipital part",0.6832700715996641,12121,11973,0.8865277662488587,-1.221021367873938,0.7280145503566819,1.4142135623730951,1.3164385699316061
MNI152NLin6Asym_to_MNI152NLin2009cAsym_res-01,identity,HOCPA,17,Postcentral Gyrus,0.7077424745997459,60278,55269,0.8542670947752863,-8.309831115829988,1.0728078112628388,2.23606797749979,1.53970918570926
MNI152NLin6Asym_to_MNI152NLin2009cAsym_res-01,identity,HOCPA,18,Superior Parietal Lobule,0.526528573031473,27778,23450,0.8076832981962989,-15.580675354597163,1.4077692655926761,3.1622776601683795,2.4728120054148723
MNI152NLin6Asym_to_MNI152NLin2009cAsym_res-01,identity,HOCPA,19,"Supramarginal Gyrus, anterior division",0.5923269747050303,14195,13831,0.85235138799686,-2.5642831983092638,0.8853135150013187,2.0,1.8212739163829101
MNI152NLin6Asym_to_MNI152NLin2009cAsym_res-01,identity,HOCPA,20,"Supramarginal Gyrus, posterior division",0.498962535232048,20287,18720,0.8454892711564591,-7.724158327993297,0.8507297527441678,2.0,1.2973403874256022
MNI152NLin6Asym_to_MNI152NLin2009cAsym_res-01,identity,HOCPA,21,Angular Gyrus,0.3565372570092558,21471,19542,0.8087191865993709,-8.98421126170183,1.1648892475351016,2.449489742783178,2.5395172409681632
MNI152NLin6Asym_to_MNI152NLin2009cAsym_res-01,identity,HOCPA,22,"Lateral Occipital Cortex, superior division",0.7143535027845413,79416,78196,0.8652640661878537,-1.5362143648635036,1.2944805155243428,2.449489742783178,2.2452187423445165
MNI152NLin6Asym_to_MNI152NLin2009cAsym_res-01,identity,HOCPA,23,"Lateral Occipital Cortex, inferior division",0.7779808280721051,34471,32849,0.8987819370172311,-4.705404542949146,0.8154989714082195,2.0,1.118369059172551
MNI152NLin6Asym_to_MNI152NLin2009cAsym_res-01,identity,HOCPA,24,Intracalcarine Cortex,0.7582717019852516,12226,11317,0.8606379815656459,-7.434974644200883,0.8720284651889003,1.4142135623730951,1.2781794760467289
MNI152NLin6Asym_to_MNI152NLin2009cAsym_res-01,identity,HOCPA,25,Frontal Medial Cortex,0.605073461043512,8065,7796,0.8281949435722842,-3.3353998760074397,0.9436092275476158,2.0,1.8569060839942606
MNI152NLin6Asym_to_MNI152NLin2009cAsym_res-01,identity,HOCPA,26,Juxtapositional Lobule Cortex (formerly Supplementary Motor Cortex),0.8379895515452106,13149,11954,0.8967852447914592,-9.088143585063502,0.761589842429994,1.4142135623730951,1.573357664954696
MNI152NLin6Asym_to_MNI152NLin2009cAsym_res-01,identity,HOCPA,27,Subcallosal Cortex,0.6944876874805785,9576,9021,0.8963811367424853,-5.795739348370927,0.6878712276587979,1.4142135623730951,1.1836353936286088
MNI152NLin6Asym_to_MNI152NLin2009cAsym_res-01,identity,HOCPA,28,Paracingulate Gyrus,0.7539412802825421,25409,23252,0.8915969667701034,-8.489118029044826,0.7845993182400226,1.7320508075688772,0.9589767841658866
MNI152NLin6Asym_to_MNI152NLin2009cAsym_res-01,identity,HOCPA,29,"Cingulate Gyrus, anterior division",0.8441196682009111,21375,20844,0.9205334091285914,-2.4842105263157896,0.6210420763851492,1.4142135623730951,0.6934325359804744
MNI152NLin6Asym_to_MNI152NLin2009cAsym_res-01,identity,HOCPA,30,"Cingulate Gyrus, posterior division",0.8573261144550285,20505,19228,0.8996551984496515,-6.227749329431846,0.7104731997791877,1.4142135623730951,1.4073429615904394
MNI152NLin6Asym_to_MNI152NLin2009cAsym_res-01,identity,HOCPA,31,Precuneous Cortex,0.802054703103799,46951,44787,0.9285138110706578,-4.609060509893293,0.7008909024926177,1.7320508075688772,1.2624359297462255
MNI152NLin6Asym_to_MNI152NLin2009cAsym_res-01,identity,HOCPA,32,Cuneal Cortex,0.8203761437053058,10357,9934,0.8733921443004288,-4.084194264748479,0.79361457577569,1.4142135623730951,1.5315302175378818
MNI152NLin6Asym_to_MNI152NLin2009cAsym_res-01,identity,HOCPA,33,Frontal Orbital Cortex,0.7151683505133617,26016,25157,0.8688566236101068,-3.3018142681426816,0.8973219476214931,2.0,2.1479918165017886
MNI152NLin6Asym_to_MNI152NLin2009cAsym_res-01,identity,HOCPA,34,"Parahippocampal Gyrus, anterior division",0.692164441720807,10125,9956,0.8510532344006773,-1.6691358024691358,0.7752376506987,1.7320508075688772,1.7579470664371344
MNI152NLin6Asym_to_MNI152NLin2009cAsym_res-01,identity,HOCPA,35,"Parahippocampal Gyrus, posterior division",0.9214905609012807,5835,5698,0.9052284748114108,-2.34790059982862,0.4533860792588774,1.0,0.7669771629514998
MNI152NLin6Asym_to_MNI152NLin2009cAsym_res-01,identity,HOCPA,36,Lingual Gyrus,0.8524377795052538,29447,26880,0.9076996822127932,-8.71735660678507,0.7399686972088156,1.7320508075688772,1.2479952932290999
MNI152NLin6Asym_to_MNI152NLin2009cAsym_res-01,identity,HOCPA,37,"Temporal Fusiform Cortex, anterior division",0.47678427621069813,4811,4901,0.8097199341021417,1.8707129494907504,0.8888641206331099,2.0,2.2030227425225544
MNI152NLin6Asym_to_MNI152NLin2009cAsym_res-01,identity,HOCPA,38,"Temporal Fusiform Cortex, posterior division",0.8308130352124962,13174,12680,0.8722054614373018,-3.7498102322756948,0.7303914987003859,1.4142135623730951,1.546849146392655
MNI152NLin6Asym_to_MNI152NLin2009cAsym_res-01,identity,HOCPA,39,Temporal Occipital Fusiform Cortex,0.8447951361034863,11730,11759,0.9047639320533015,0.24722932651321397,0.5812692685682579,1.4142135623730951,1.5784076346532603
MNI152NLin6Asym_to_MNI152NLin2009cAsym_res-01,identity,HOCPA,40,Occipital Fusiform Gyrus,0.6081586643405532,14876,14538,0.8905963146800843,-2.272116160258134,0.6821955283784942,1.7320508075688772,1.1246921688158542
MNI152NLin6Asym_to_MNI152NLin2009cAsym_res-01,identity,HOCPA,41,Frontal Operculum Cortex,0.8755702140199636,5703,5313,0.8701888162672476,-6.838506049447659,0.6165874553074765,1.4142135623730951,0.683391720547773
MNI152NLin6Asym_to_MNI152NLin2009cAsym_res-01,identity,HOCPA,42,Central Opercular Cortex,0.7944943998742698,16498,14953,0.8895742583701631,-9.364771487453025,0.6666973505805762,1.4142135623730951,0.28338757722614655
MNI152NLin6Asym_to_MNI152NLin2009cAsym_res-01,identity,HOCPA,43,Parietal Operculum Cortex,0.6327634611764922,9016,8739,0.9025063362433118,-3.072315882874889,0.5535244794375994,1.0,0.7840994830008816
MNI152NLin6Asym_to_MNI152NLin2009cAsym_res-01,identity,HOCPA,44,Planum Polare,0.905465068757991,6252,5871,0.835931700074239,-6.09404990403071,0.6709962825522671,1.4142135623730951,1.112430112839981
MNI152NLin6Asym_to_MNI152NLin2009cAsym_res-01,identity,HOCPA,45,Heschl's Gyrus (includes H1 and H2),0.8502752685501452,5165,4730,0.8753916119252148,-8.422071636011617,0.5762274495169976,1.4142135623730951,2.331549927576559
MNI152NLin6Asym_to_MNI152NLin2009cAsym_res-01,identity,HOCPA,46,Planum Temporale,0.8038750217011555,8476,8032,0.8741216379937,-5.238319962246343,0.5675311078175247,1.4142135623730951,1.1474599531364205
MNI152NLin6Asym_to_MNI152NLin2009cAsym_res-01,identity,HOCPA,47,Supracalcarine Cortex,0.8228020437292997,2025,2081,0.760837798343887,2.765432098765432,0.6987092971212416,1.4142135623730951,1.628855892982257
MNI152NLin6Asym_to_MNI152NLin2009cAsym_res-01,identity,HOCPA,48,Occipital Pole,0.8232167321656741,43363,41973,0.8689650323427393,-3.205497774600466,1.0817083172044244,2.0,1.4921577274595401
MNI152NLin6Asym_to_MNI152NLin2009cAsym_res-01,identity,HOSPA,1,Left Cerebral White Matter,0.6668621804456462,263098,249575,0.9034998917438601,-5.1399098434803765,0.9121664810445828,2.0,1.187852127980013
MNI152NLin6Asym_to_MNI152NLin2009cAsym_res-01,identity,HOSPA,2,Left Cerebral Cortex,0.7355185961485572,549513,512675,0.8959845149822818,-6.703754051314528,1.1399620366368748,2.23606797749979,1.2126260075348687
MNI152NLin6Asym_to_MNI152NLin2009cAsym_res-01,identity,HOSPA,3,Left Lateral Ventrical,0.5640816904095247,9035,9299,0.8897131013417694,2.9219701162147205,0.5236589728517701,1.0,1.1607419308371894
MNI152NLin6Asym_to_MNI152NLin2009cAsym_res-01,identity,HOSPA,4,Left Thalamus,0.9330580724105898,11092,10385,0.9321599851003399,-6.37396321673278,0.6069207116752433,1.0,0.8335185070294554
MNI152NLin6Asym_to_MNI152NLin2009cAsym_res-01,identity,HOSPA,5,Left Caudate,0.8431771530390875,4262,3949,0.9036658141517476,-7.343969967151572,0.47725261471875013,1.0,1.1514433302966558
MNI152NLin6Asym_to_MNI152NLin2009cAsym_res-01,identity,HOSPA,6,Left Putamen,0.6305107763351414,6760,6397,0.8511058751995135,-5.3698224852071,0.907564815526791,1.4142135623730951,1.088015058191604
MNI152NLin6Asym_to_MNI152NLin2009cAsym_res-01,identity,HOSPA,7,Left Pallidum,0.5916947127939246,2259,2133,0.8356102003642987,-5.577689243027889,0.8148037763780448,1.4142135623730951,1.0182187447893447
MNI152NLin6Asym_to_MNI152NLin2009cAsym_res-01,identity,HOSPA,8,Brainstem,0.8654402897171748,40741,38610,0.9562324356340814,-5.230603077980413,0.5277555289110633,1.4142135623730951,0.9549470122531398
MNI152NLin6Asym_to_MNI152NLin2009cAsym_res-01,identity,HOSPA,9,Left Hippocampus,0.7603771185748005,5876,5575,0.9141559689110121,-5.122532334921716,0.45690119203105095,1.0,1.1760728882837814
MNI152NLin6Asym_to_MNI152NLin2009cAsym_res-01,identity,HOSPA,10,Left Amygdala,0.8861569958932038,2539,2476,0.9172482552342971,-2.4812918471839307,0.40098314884015834,1.0,1.0625271663207019
MNI152NLin6Asym_to_MNI152NLin2009cAsym_res-01,identity,HOSPA,11,Left Accumbens,0.7973015143776147,777,756,0.8701891715590345,-2.7027027027027026,0.4600896349494029,1.0,1.0299697723589487
MNI152NLin6Asym_to_MNI152NLin2009cAsym_res-01,identity,HOSPA,12,Right Cerebral White Matter,0.7431850304466977,263210,250063,0.941117105322119,-4.994871015538923,0.5835960642518032,1.4142135623730951,0.5382106828405079
MNI152NLin6Asym_to_MNI152NLin2009cAsym_res-01,identity,HOSPA,13,Right Cerebral Cortex,0.8127978972204046,542565,509101,0.9293939330547911,-6.16774027075097,0.792850923285703,2.0,0.5057114728467046
MNI152NLin6Asym_to_MNI152NLin2009cAsym_res-01,identity,HOSPA,14,Right Lateral Ventricle,0.636845162316777,8036,8283,0.8875543844598321,3.073668491786959,0.513841010264282,1.0,0.5319047368493575
MNI152NLin6Asym_to_MNI152NLin2009cAsym_res-01,identity,HOSPA,15,Right Thalamus,0.9185536864347462,10957,10211,0.9584278155706727,-6.808432965227708,0.3831185362979768,1.0,0.641373409769198
MNI152NLin6Asym_to_MNI152NLin2009cAsym_res-01,identity,HOSPA,16,Right Caudate,0.8292220198314573,4480,4127,0.851167654234925,-7.879464285714286,0.7348235287865332,1.4142135623730951,1.2756092062553215
MNI152NLin6Asym_to_MNI152NLin2009cAsym_res-01,identity,HOSPA,17,Right Putamen,0.8409347794577279,6736,6397,0.9533236884184878,-5.0326603325415675,0.2979516261950512,1.0,0.8191729399489502
MNI152NLin6Asym_to_MNI152NLin2009cAsym_res-01,identity,HOSPA,18,Right Pallidum,0.8540436353696313,2152,2118,0.9362997658079625,-1.579925650557621,0.3155661624748468,1.0,0.7697142920045844
MNI152NLin6Asym_to_MNI152NLin2009cAsym_res-01,identity,HOSPA,19,Right Hippocampus,0.8609772351678234,5940,5688,0.9336085311317509,-4.242424242424242,0.3801187504082882,1.0,0.960020518904957
MNI152NLin6Asym_to_MNI152NLin2009cAsym_res-01,identity,HOSPA,20,Right Amygdala,0.938509126612135,2922,2848,0.8960138648180243,-2.532511978097194,0.5384016786822459,1.4142135623730951,1.239544469904346
MNI152NLin6Asym_to_MNI152NLin2009cAsym_res-01,identity,HOSPA,21,Right Accumbens,0.39255424197764305,687,666,0.7878787878787878,-3.056768558951965,0.7040205041413046,1.4142135623730951,0.871431753208784
MNI152NLin6Asym_to_MNI152NLin2009cAsym_res-01,warp,HOCPA,1,Frontal Pole,0.9111988734121251,132792,134291,0.9554333297139841,1.1288330622326646,0.5090418306656798,1.4142135623730951,0.9446967227859977
MNI152NLin6Asym_to_MNI152NLin2009cAsym_res-01,warp,HOCPA,2,Insular Cortex,0.9470757790171533,22912,22990,0.956341771600366,0.3404329608938548,0.2721118740372053,1.0,0.3311731135503356
MNI152NLin6Asym_to_MNI152NLin2009cAsym_res-01,warp,HOCPA,3,Superior Frontal Gyrus,0.8753634749738295,48957,51028,0.9095364304645697,4.230242866188696,0.7010420980384255,1.4142135623730951,1.125940857199426
MNI152NLin6Asym_to_MNI152NLin2009cAsym_res-01,warp,HOCPA,4,Middle Frontal Gyrus,0.875766195795422,47698,48483,0.9076844699056986,1.6457713111660865,0.7972079331690884,2.23606797749979,1.6603696285926606
MNI152NLin6Asym_to_MNI152NLin2009cAsym_res-01,warp,HOCPA,5,"Inferior Frontal Gyrus, pars triangularis",0.8848097521656707,10879,11094,0.8915487188822646,1.976284584980237,0.5973009048274932,1.4142135623730951,0.5839604231055647
MNI152NLin6Asym_to_MNI152NLin2009cAsym_res-01,warp,HOCPA,6,"Inferior Frontal Gyrus, pars opercularis",0.9338978594681862,11576,11422,0.9066875380467867,-1.3303386316516932,0.5620019476471179,1.4142135623730951,1.3716401469366164
MNI152NLin6Asym_to_MNI152NLin2009cAsym_res-01,warp,HOCPA,7,Precentral Gyrus,0.9222355400024671,72750,68616,0.9282854434588232,-5.682474226804124,0.5658487455777036,1.4142135623730951,0.8763148435500515
MNI152NLin6Asym_to_MNI152NLin2009cAsym_res-01,warp,HOCPA,8,Temporal Pole,0.9215367664752062,40520,39694,0.9577131174109258,-2.0384995064165845,0.39354645254660825,1.0,0.8783817129491561
MNI152NLin6Asym_to_MNI152NLin2009cAsym_res-01,warp,HOCPA,9,"Superior Temporal Gyrus, anterior division",0.8548812932586008,4818,5036,0.9200324741221839,4.52469904524699,0.37464605747264285,1.0,1.8796846223612438
MNI152NLin6Asym_to_MNI152NLin2009cAsym_res-01,warp,HOCPA,10,"Superior Temporal Gyrus, posterior division",0.8944420793119076,6782,7373,0.8755916637230661,8.714243585962842,0.46274180604785686,1.0,0.37231872476010486
MNI152NLin6Asym_to_MNI152NLin2009cAsym_res-01,warp,HOCPA,11,"Middle Temporal Gyrus, anterior division",0.9264607588953285,7546,7763,0.9249461101312954,2.87569573283859,0.41306599425890245,1.0,1.8561256613067538
MNI152NLin6Asym_to_MNI152NLin2009cAsym_res-01,warp,HOCPA,12,"Middle Temporal Gyrus, posterior division",0.8925998655425382,23892,24364,0.944131299734748,1.9755566716892683,0.4123999697540653,1.0,0.5927834143208268
MNI152NLin6Asym_to_MNI152NLin2009cAsym_res-01,warp,HOCPA,13,"Middle Temporal Gyrus, temporooccipital part",0.872254884424396,17007,17522,0.9118711807466188,3.0281648732874697,0.5975342001944508,1.4142135623730951,1.6763060850944902
MNI152NLin6Asym_to_MNI152NLin2009cAsym_res-01,warp,HOCPA,14,"Inferior Temporal Gyrus, anterior division",0.9341523287223906,5798,5310,0.9083543392149802,-8.416695412211107,0.4670436617753587,1.4142135623730951,2.9229267501812597
MNI152NLin6Asym_to_MNI152NLin2009cAsym_res-01,warp,HOCPA,15,"Inferior Temporal Gyrus, posterior division",0.9518538012823012,16274,16560,0.9289760613997685,1.7574044488140592,0.445252453704669,1.0,1.0337587835962698
MNI152NLin6Asym_to_MNI152NLin2009cAsym_res-01,warp,HOCPA,16,"Inferior Temporal Gyrus, temporooccipital part",0.9143013122286152,12121,12041,0.9101895538448804,-0.6600115502021285,0.6018506987502805,1.4142135623730951,0.9283242082935578
MNI152NLin6Asym_to_MNI152NLin2009cAsym_res-01,warp,HOCPA,17,Postcentral Gyrus,0.9150143151697011,60278,60498,0.9352023580843877,0.3649756129931318,0.5254419480280634,1.4142135623730951,0.824058080927011
MNI152NLin6Asym_to_MNI152NLin2009cAsym_res-01,warp,HOCPA,18,Superior Parietal Lobule,0.8206167857362311,27778,25719,0.8969101071088098,-7.41234070127439,0.7934405500920666,1.7320508075688772,0.9044880451706371
MNI152NLin6Asym_to_MNI152NLin2009cAsym_res-01,warp,HOCPA,19,"Supramarginal Gyrus, anterior division",0.8652841530912869,14195,14094,0.9052988794230973,-0.7115181401902079,0.5839973289248592,1.4142135623730951,1.3246928322079863
MNI152NLin6Asym_to_MNI152NLin2009cAsym_res-01,warp,HOCPA,20,"Supramarginal Gyrus, posterior division",0.7416302953501558,20287,21144,0.86915594603075,4.224380144920392,0.7530857702820742,2.0,1.1342378751387894
MNI152NLin6Asym_to_MNI152NLin2009cAsym_res-01,warp,HOCPA,21,Angular Gyrus,0.6654379010232674,21471,23178,0.8469618580483326,7.950258488193377,0.9858673685175627,2.449489742783178,1.1683264979137562
MNI152NLin6Asym_to_MNI152NLin2009cAsym_res-01,warp,HOCPA,22,"Lateral Occipital Cortex, superior division",0.8951962580852925,79416,77897,0.9284547367350442,-1.9127128034652967,0.7402543425801894,2.0,1.5249868776488904
MNI152NLin6Asym_to_MNI152NLin2009cAsym_res-01,warp,HOCPA,23,"Lateral Occipital Cortex, inferior division",0.9216633186787785,34471,33172,0.9281374273760773,-3.7683850192915784,0.6071915712755783,1.7320508075688772,1.5595200349424985
MNI152NLin6Asym_to_MNI152NLin2009cAsym_res-01,warp,HOCPA,24,Intracalcarine Cortex,0.9469089758819499,12226,12129,0.9428864709505235,-0.7933911336495992,0.387407019041333,1.0,0.5370007906713359
MNI152NLin6Asym_to_MNI152NLin2009cAsym_res-01,warp,HOCPA,25,Frontal Medial Cortex,0.9423107337156054,8065,8121,0.9322871617447177,0.69435833849969,0.4137053633414817,1.0,0.4390142690893711
MNI152NLin6Asym_to_MNI152NLin2009cAsym_res-01,warp,HOCPA,26,Juxtapositional Lobule Cortex (formerly Supplementary Motor Cortex),0.9006809465721692,13149,12970,0.9236188215475325,-1.3613202524906838,0.5855856301172095,1.4142135623730951,1.073997974801405
MNI152NLin6Asym_to_MNI152NLin2009cAsym_res-01,warp,HOCPA,27,Subcallosal Cortex,0.9419888857682451,9576,9308,0.9395255242533361,-2.7986633249791146,0.42619667554515794,1.0,0.2565932916363549
MNI152NLin6Asym_to_MNI152NLin2009cAsym_res-01,warp,HOCPA,28,Paracingulate Gyrus,0.8757643591116393,25409,25313,0.9114388233902448,-0.37781888307292694,0.6631622681918973,1.4142135623730951,1.1551031723525256
MNI152NLin6Asym_to_MNI152NLin2009cAsym_res-01,warp,HOCPA,29,"Cingulate Gyrus, anterior division",0.9402044133260902,21375,21434,0.9334018547501693,0.2760233918128655,0.5074928942630035,1.4142135623730951,0.6292887746506165
MNI152NLin6Asym_to_MNI152NLin2009cAsym_res-01,warp,HOCPA,30,"Cingulate Gyrus, posterior division",0.9359499234999857,20505,20759,0.9560876308646762,1.2387222628627164,0.33965629684267895,1.0,0.36797272960128297
MNI152NLin6Asym_to_MNI152NLin2009cAsym_res-01,warp,HOCPA,31,Precuneous Cortex,0.921126147096899,46951,46102,0.9532202078385437,-1.8082681945006496,0.47936088859877435,1.4142135623730951,0.5489478467506195
MNI152NLin6Asym_to_MNI152NLin2009cAsym_res-01,warp,HOCPA,32,Cuneal Cortex,0.9490195816781513,10357,10207,0.9330869480645789,-1.4482958385632905,0.44527689940941545,1.0,0.4271584233517847
MNI152NLin6Asym_to_MNI152NLin2009cAsym_res-01,warp,HOCPA,33,Frontal Orbital Cortex,0.9559455892385245,26016,26024,0.9498462720983859,0.03075030750307503,0.381245111040357,1.0,0.2876816627829212
MNI152NLin6Asym_to_MNI152NLin2009cAsym_res-01,warp,HOCPA,34,"Parahippocampal Gyrus, anterior division",0.8345706795549316,10125,9918,0.9291024297759817,-2.0444444444444443,0.39047004254696555,1.0,0.5353002600686809
MNI152NLin6Asym_to_MNI152NLin2009cAsym_res-01,warp,HOCPA,35,"Parahippocampal Gyrus, posterior division",0.9730170165322419,5835,5983,0.9475376544254527,2.5364181662382177,0.25210309008945625,1.0,0.2851811461848907
MNI152NLin6Asym_to_MNI152NLin2009cAsym_res-01,warp,HOCPA,36,Lingual Gyrus,0.9390441258059303,29447,29361,0.9476261733097537,-0.2920501239515061,0.43826345882942536,1.0,0.2153288238820189
MNI152NLin6Asym_to_MNI152NLin2009cAsym_res-01,warp,HOCPA,37,"Temporal Fusiform Cortex, anterior division",0.837482112650748,4811,4610,0.9043625942044369,-4.177925587196009,0.46551209682468214,1.4142135623730951,0.9934677458576591
MNI152NLin6Asym_to_MNI152NLin2009cAsym_res-01,warp,HOCPA,38,"Temporal Fusiform Cortex, posterior division",0.9564400302033368,13174,13333,0.9349228505677746,1.2069227265826628,0.3986757834142072,1.0,0.5711808737499041
MNI152NLin6Asym_to_MNI152NLin2009cAsym_res-01,warp,HOCPA,39,Temporal Occipital Fusiform Cortex,0.943638366504445,11730,11715,0.9206227340584346,-0.1278772378516624,0.4771201488416242,1.4142135623730951,0.8644633381550972
MNI152NLin6Asym_to_MNI152NLin2009cAsym_res-01,warp,HOCPA,40,Occipital Fusiform Gyrus,0.7885774964032071,14876,14424,0.9052559726962457,-3.0384511965582144,0.6026689994251494,1.7320508075688772,1.418484871564521
MNI152NLin6Asym_to_MNI152NLin2009cAsym_res-01,warp,HOCPA,41,Frontal Operculum Cortex,0.9593121626849166,5703,5788,0.9229832042468018,1.4904436261616694,0.380891673901273,1.0,0.24209500920242089
MNI152NLin6Asym_to_MNI152NLin2009cAsym_res-01,warp,HOCPA,42,Central Opercular Cortex,0.9284762120021263,16498,16595,0.925633819841054,0.587950054552067,0.47754436910192677,1.0,2.2766706603018045
MNI152NLin6Asym_to_MNI152NLin2009cAsym_res-01,warp,HOCPA,43,Parietal Operculum Cortex,0.9202626598977655,9016,8696,0.8883242999096658,-3.54924578527063,0.6057223517556256,1.4142135623730951,3.723805096235413
MNI152NLin6Asym_to_MNI152NLin2009cAsym_res-01,warp,HOCPA,44,Planum Polare,0.9692624060039696,6252,6239,0.9213033384036506,-0.20793346129238643,0.32498536245108484,1.0,0.7498936427613964
MNI152NLin6Asym_to_MNI152NLin2009cAsym_res-01,warp,HOCPA,45,Heschl's Gyrus (includes H1 and H2),0.9631378951500317,5165,5306,0.915289848152039,2.729912875121007,0.4018480790216733,1.0,1.2055132392845307
MNI152NLin6Asym_to_MNI152NLin2009cAsym_res-01,warp,HOCPA,46,Planum Temporale,0.9377366314762468,8476,8562,0.888836717924639,1.0146295422369043,0.5029923005810443,1.0,2.09780276207835
MNI152NLin6Asym_to_MNI152NLin2009cAsym_res-01,warp,HOCPA,47,Supracalcarine Cortex,0.9531282852545304,2025,2200,0.8724260355029586,8.641975308641975,0.38320630474569933,1.0,0.6146480515185699
MNI152NLin6Asym_to_MNI152NLin2009cAsym_res-01,warp,HOCPA,48,Occipital Pole,0.9496228584249963,43363,41644,0.9436399355347207,-3.964209118372806,0.4982281398067489,1.0,0.2567103852768894
MNI152NLin6Asym_to_MNI152NLin2009cAsym_res-01,warp,HOSPA,1,Left Cerebral White Matter,0.8846710994149914,263098,256914,0.9538049121943339,-2.350454963549704,0.4643852405278229,1.0,0.5618392606875455
MNI152NLin6Asym_to_MNI152NLin2009cAsym_res-01,warp,HOSPA,2,Left Cerebral Cortex,0.9106466305548865,549513,547362,0.9654299715099716,-0.39143750921270287,0.43365595202209156,1.0,0.3633740728947292
MNI152NLin6Asym_to_MNI152NLin2009cAsym_res-01,warp,HOSPA,3,Left Lateral Ventrical,0.804343254266898,9035,10392,0.9030730426725692,15.019369120088545,0.4721583167562983,1.0,1.1840100287959838
MNI152NLin6Asym_to_MNI152NLin2009cAsym_res-01,warp,HOSPA,4,Left Thalamus,0.9500908503667371,11092,10766,0.9648641229755696,-2.9390551749008296,0.3205665016226723,1.0,0.35982213243932226
MNI152NLin6Asym_to_MNI152NLin2009cAsym_res-01,warp,HOSPA,5,Left Caudate,0.8742920178924917,4262,4197,0.9301335855302045,-1.5251055842327546,0.35048448368583185,1.0,0.4063593805922066
MNI152NLin6Asym_to_MNI152NLin2009cAsym_res-01,warp,HOSPA,6,Left Putamen,0.9191791845095427,6760,7054,0.9587375126683075,4.349112426035503,0.253252385090349,1.0,0.24373132019463745
MNI152NLin6Asym_to_MNI152NLin2009cAsym_res-01,warp,HOSPA,7,Left Pallidum,0.8802664395102432,2259,2222,0.9506806516402588,-1.6378928729526339,0.2422517394054396,1.0,0.24503540013257863
MNI152NLin6Asym_to_MNI152NLin2009cAsym_res-01,warp,HOSPA,8,Brainstem,0.9401390186305693,40741,40679,0.9736674035863424,-0.15218084975822882,0.33369293638271824,1.0,0.16723190572860513
MNI152NLin6Asym_to_MNI152NLin2009cAsym_res-01,warp,HOSPA,9,Left Hippocampus,0.8944594294089862,5876,5886,0.9527291276993709,0.17018379850238258,0.26448146240337833,1.0,0.30022083762176016
MNI152NLin6Asym_to_MNI152NLin2009cAsym_res-01,warp,HOSPA,10,Left Amygdala,0.915977049512091,2539,2621,0.937984496124031,3.2296179598267036,0.31788317785189824,1.0,0.3658653014887575
MNI152NLin6Asym_to_MNI152NLin2009cAsym_res-01,warp,HOSPA,11,Left Accumbens,0.8982302730861984,777,802,0.9195693476884104,3.2175032175032174,0.2820618204057872,1.0,0.4376966029509579
MNI152NLin6Asym_to_MNI152NLin2009cAsym_res-01,warp,HOSPA,12,Right Cerebral White Matter,0.8822267482193501,263210,255867,0.9517162193662982,-2.789787622050834,0.47982924784476694,1.0,0.3908143217320643
MNI152NLin6Asym_to_MNI152NLin2009cAsym_res-01,warp,HOSPA,13,Right Cerebral Cortex,0.9137464691005461,542565,536293,0.961720634226191,-1.1559905264806982,0.46482651829375554,1.0,0.4384133676487941
MNI152NLin6Asym_to_MNI152NLin2009cAsym_res-01,warp,HOSPA,14,Right Lateral Ventricle,0.8154944173035217,8036,9649,0.9003109980209217,20.072175211548032,0.46735622501067525,1.0,0.6256909606892972
MNI152NLin6Asym_to_MNI152NLin2009cAsym_res-01,warp,HOSPA,15,Right Thalamus,0.9497754507716768,10957,10934,0.9700790279110136,-0.20991147211828054,0.2763392887773031,1.0,0.2534140397825183
MNI152NLin6Asym_to_MNI152NLin2009cAsym_res-01,warp,HOSPA,16,Right Caudate,0.9121658542324538,4480,4394,0.9042145593869731,-1.9196428571428572,0.48281973333061406,1.0,0.7226862179799238
MNI152NLin6Asym_to_MNI152NLin2009cAsym_res-01,warp,HOSPA,17,Right Putamen,0.9141949112802623,6736,7139,0.9503423423423424,5.982779097387174,0.31876653429169866,1.0,0.28889688339813135
MNI152NLin6Asym_to_MNI152NLin2009cAsym_res-01,warp,HOSPA,18,Right Pallidum,0.8881759017914385,2152,2470,0.9078321073128516,14.776951672862454,0.4585819075898907,1.0,0.3591229309461693
MNI152NLin6Asym_to_MNI152NLin2009cAsym_res-01,warp,HOSPA,19,Right Hippocampus,0.8793947164597221,5940,6056,0.9456485495165055,1.9528619528619529,0.31291047281508116,1.0,0.3005015825303291
MNI152NLin6Asym_to_MNI152NLin2009cAsym_res-01,warp,HOSPA,20,Right Amygdala,0.9349743868215522,2922,3097,0.9204186741983719,5.989048596851472,0.43731060043484543,1.0,0.42572139704289685
MNI152NLin6Asym_to_MNI152NLin2009cAsym_res-01,warp,HOSPA,21,Right Accumbens,0.8915743072632456,687,730,0.8680310515172901,6.259097525473071,0.43957375168313706,1.0,0.3839868443667099
MNI152NLin6Asym_to_MNI152NLin2009cAsym_res-02,identity,HOCPA,1,Frontal Pole,0.7792938053620256,16571,15397,0.8799424424424425,-7.084665982740933,1.443902347355776,2.0,1.367492257354363
MNI152NLin6Asym_to_MNI152NLin2009cAsym_res-02,identity,HOCPA,2,Insular Cortex,0.8653510002322587,2853,2341,0.8648440508278783,-17.94602173151069,0.8468315553417501,2.0,1.0785230994564683
MNI152NLin6Asym_to_MNI152NLin2009cAsym_res-02,identity,HOCPA,3,Superior Frontal Gyrus,0.7884059844898371,6124,5080,0.8106033559443057,-17.0476812540823,1.4766755855670883,2.8284271247461903,2.0607583185525327
MNI152NLin6Asym_to_MNI152NLin2009cAsym_res-02,identity,HOCPA,4,Middle Frontal Gyrus,0.7371267787557557,5978,5316,0.8624048167168408,-11.073937771830044,1.2481589240186344,2.8284271247461903,1.6767242594432936
MNI152NLin6Asym_to_MNI152NLin2009cAsym_res-02,identity,HOCPA,5,"Inferior Frontal Gyrus, pars triangularis",0.6692421150060867,1351,1103,0.8581907090464548,-18.35677276091784,0.8361455195708584,2.0,3.6804940773395405
MNI152NLin6Asym_to_MNI152NLin2009cAsym_res-02,identity,HOCPA,6,"Inferior Frontal Gyrus, pars opercularis",0.7611329985086925,1454,1384,0.8886539816772375,-4.814305364511692,0.7239275239071169,2.0,1.1250349676435583
MNI152NLin6Asym_to_MNI152NLin2009cAsym_res-02,identity,HOCPA,7,Precentral Gyrus,0.8042770171969943,9050,8573,0.8543380809169835,-5.2707182320441985,1.1885372764724034,2.8284271247461903,1.923368284054548
MNI152NLin6Asym_to_MNI152NLin2009cAsym_res-02,identity,HOCPA,8,Temporal Pole,0.7073298053224738,5022,4711,0.9035240932908661,-6.192751891676623,0.9306585465235366,2.0,1.0899847878586753
MNI152NLin6Asym_to_MNI152NLin2009cAsym_res-02,identity,HOCPA,9,"Superior Temporal Gyrus, anterior division",0.6725854041709007,621,521,0.8441330998248686,-16.10305958132045,0.760318838334222,2.0,1.6804024051174282
MNI152NLin6Asym_to_MNI152NLin2009cAsym_res-02,identity,HOCPA,10,"Superior Temporal Gyrus, posterior division",0.6172394943158731,849,1830,0.6188876446435237,115.54770318021201,1.9633432745064052,4.898979485566356,3.601445231150448
MNI152NLin6Asym_to_MNI152NLin2009cAsym_res-02,identity,HOCPA,11,"Middle Temporal Gyrus, anterior division",0.6219249274979484,949,848,0.8558708959376738,-10.642781875658589,0.8203942754741045,2.0,1.5655145008060998
MNI152NLin6Asym_to_MNI152NLin2009cAsym_res-02,identity,HOCPA,12,"Middle Temporal Gyrus, posterior division",0.7355158307047913,2964,2525,0.8886864638367644,-14.8110661268556,0.8676832970450944,2.0,1.1190268418536433
MNI152NLin6Asym_to_MNI152NLin2009cAsym_res-02,identity,HOCPA,13,"Middle Temporal Gyrus, temporooccipital part",0.7418489109545797,2139,2004,0.907072169925175,-6.3113604488078545,0.6796389129762583,2.0,0.3629989929780995
MNI152NLin6Asym_to_MNI152NLin2009cAsym_res-02,identity,HOCPA,14,"Inferior Temporal Gyrus, anterior division",0.7513193266102254,740,647,0.829127613554434,-12.567567567567568,0.9357407437415425,2.0,2.251098806033833
MNI152NLin6Asym_to_MNI152NLin2009cAsym_res-02,identity,HOCPA,15,"Inferior Temporal Gyrus, posterior division",0.8556391773735381,2022,1942,0.9117053481331988,-3.9564787339268053,0.5763954315502198,2.0,1.72010865901103
MNI152NLin6Asym_to_MNI152NLin2009cAsym_res-02,identity,HOCPA,16,"Inferior Temporal Gyrus, temporooccipital part",0.7432746676308255,1514,1470,0.9276139410187667,-2.906208718626156,0.5147093411897925,2.0,1.589111332849389
MNI152NLin6Asym_to_MNI152NLin2009cAsym_res-02,identity,HOCPA,17,Postcentral Gyrus,0.7500376876134703,7548,6895,0.8523160008308523,-8.65129835718071,1.2186380009595237,2.8284271247461903,1.9497506840825998
MNI152NLin6Asym_to_MNI152NLin2009cAsym_res-02,identity,HOCPA,18,Superior Parietal Lobule,0.5872453356168627,3463,2908,0.8237325380630984,-16.026566560785447,1.4256176727017305,4.0,2.1495069379904366
MNI152NLin6Asym_to_MNI152NLin2009cAsym_res-02,identity,HOCPA,19,"Supramarginal Gyrus, anterior division",0.6419123569086352,1807,1742,0.8689771766694844,-3.597122302158273,0.8830815711788897,2.0,2.390068135064577
MNI152NLin6Asym_to_MNI152NLin2009cAsym_res-02,identity,HOCPA,20,"Supramarginal Gyrus, posterior division",0.5788055955269742,2532,2259,0.8758088081820079,-10.781990521327014,0.7293328497225492,2.0,1.3062938732490277
MNI152NLin6Asym_to_MNI152NLin2009cAsym_res-02,identity,HOCPA,21,Angular Gyrus,0.4981394874048786,2696,2409,0.8438785504407443,-10.64540059347181,1.0467434641578603,2.0,2.3577869074488187
MNI152NLin6Asym_to_MNI152NLin2009cAsym_res-02,identity,HOCPA,22,"Lateral Occipital Cortex, superior division",0.7474217832394854,9931,9779,0.8821917808219178,-1.5305608700030209,1.3418221151932956,2.8284271247461903,1.9263362453429658
MNI152NLin6Asym_to_MNI152NLin2009cAsym_res-02,identity,HOCPA,23,"Lateral Occipital Cortex, inferior division",0.8172254327970598,4302,4089,0.9226552258372065,-4.951185495118549,0.7154850198596704,2.0,2.0081976502161076
MNI152NLin6Asym_to_MNI152NLin2009cAsym_res-02,identity,HOCPA,24,Intracalcarine Cortex,0.7854376463443026,1548,1401,0.8301119023397762,-9.496124031007753,1.2211644980506104,2.0,1.3963592353663674
MNI152NLin6Asym_to_MNI152NLin2009cAsym_res-02,identity,HOCPA,25,Frontal Medial Cortex,0.6470422473947739,991,976,0.8805287239450941,-1.513622603430878,0.7508218523062958,2.0,1.2478480430730925
MNI152NLin6Asym_to_MNI152NLin2009cAsym_res-02,identity,HOCPA,26,Juxtapositional Lobule Cortex (formerly Supplementary Motor Cortex),0.8609377203776328,1669,1484,0.9013637805264827,-11.084481725584181,0.7847476939730762,2.0,1.5516744538293403
MNI152NLin6Asym_to_MNI152NLin2009cAsym_res-02,identity,HOCPA,27,Subcallosal Cortex,0.7173983618006824,1193,1142,0.9447537473233405,-4.274937133277452,0.3758020164986251,2.0,0.7178504769417718
MNI152NLin6Asym_to_MNI152NLin2009cAsym_res-02,identity,HOCPA,28,Paracingulate Gyrus,0.7850641107114779,3197,2944,0.8715192965315095,-7.913669064748201,1.0850594357823526,2.0,1.1282602103318802
MNI152NLin6Asym_to_MNI152NLin2009cAsym_res-02,identity,HOCPA,29,"Cingulate Gyrus, anterior division",0.8729619134556456,2653,2592,0.8964728312678741,-2.2992838296268374,0.874801143345025,2.0,0.920820706078087
MNI152NLin6Asym_to_MNI152NLin2009cAsym_res-02,identity,HOCPA,30,"Cingulate Gyrus, posterior division",0.8719490015226756,2554,2412,0.8824003221908981,-5.559906029757244,0.9443965456158392,2.0,1.6677065471129602
MNI152NLin6Asym_to_MNI152NLin2009cAsym_res-02,identity,HOCPA,31,Precuneous Cortex,0.8222813381184306,5864,5623,0.9191259684861147,-4.109822646657571,0.8936364839395305,2.0,1.2590271501176182
MNI152NLin6Asym_to_MNI152NLin2009cAsym_res-02,identity,HOCPA,32,Cuneal Cortex,0.8294223410890814,1283,1227,0.8756972111553785,-4.36477007014809,0.8991364096802031,2.0,1.4641069607713413
MNI152NLin6Asym_to_MNI152NLin2009cAsym_res-02,identity,HOCPA,33,Frontal Orbital Cortex,0.7537776236523362,3266,3148,0.8974119114437169,-3.612982241273729,0.8083733179520303,2.0,1.365492065262065
MNI152NLin6Asym_to_MNI152NLin2009cAsym_res-02,identity,HOCPA,34,"Parahippocampal Gyrus, anterior division",0.7044551099839266,1257,1248,0.9109780439121756,-0.7159904534606205,0.5190844900348646,2.0,1.1583529372437003
MNI152NLin6Asym_to_MNI152NLin2009cAsym_res-02,identity,HOCPA,35,"Parahippocampal Gyrus, posterior division",0.9319264205182107,731,710,0.8952116585704372,-2.8727770177838576,0.5256410256410257,2.0,0.610926770115457
MNI152NLin6Asym_to_MNI152NLin2009cAsym_res-02,identity,HOCPA,36,Lingual Gyrus,0.8738370985128063,3672,3381,0.8872820076563165,-7.92483660130719,1.0508569256493936,2.0,1.1246798543944536
MNI152NLin6Asym_to_MNI152NLin2009cAsym_res-02,identity,HOCPA,37,"Temporal Fusiform Cortex, anterior division",0.5307507023340957,615,610,0.8342857142857143,-0.8130081300813008,0.9326271708038408,2.0,1.914644235674182
MNI152NLin6Asym_to_MNI152NLin2009cAsym_res-02,identity,HOCPA,38,"Temporal Fusiform Cortex, posterior division",0.8616490101053754,1656,1594,0.9144615384615384,-3.743961352657005,0.5568296514945167,2.0,1.1103620942000694
MNI152NLin6Asym_to_MNI152NLin2009cAsym_res-02,identity,HOCPA,39,Temporal Occipital Fusiform Cortex,0.8542374841295776,1455,1469,0.914500683994528,0.9621993127147767,0.5760605274179104,2.0,0.9649171864740526
MNI152NLin6Asym_to_MNI152NLin2009cAsym_res-02,identity,HOCPA,40,Occipital Fusiform Gyrus,0.6375202011965196,1857,1806,0.8872508872508873,-2.7463651050080777,0.8249505748361546,2.0,0.804797856012332
MNI152NLin6Asym_to_MNI152NLin2009cAsym_res-02,identity,HOCPA,41,Frontal Operculum Cortex,0.879880693043321,721,687,0.8167613636363636,-4.715672676837725,0.9877593496789738,2.0,1.022784342462114
MNI152NLin6Asym_to_MNI152NLin2009cAsym_res-02,identity,HOCPA,42,Central Opercular Cortex,0.817558844721836,2046,1886,0.8351983723296033,-7.820136852394917,1.1241307985007025,2.0,0.9283150662632734
MNI152NLin6Asym_to_MNI152NLin2009cAsym_res-02,identity,HOCPA,43,Parietal Operculum Cortex,0.6543194032523447,1131,1119,0.8755555555555555,-1.0610079575596818,0.7722372826652416,2.0,1.1214688354959732
MNI152NLin6Asym_to_MNI152NLin2009cAsym_res-02,identity,HOCPA,44,Planum Polare,0.9213581835062036,778,749,0.8814669286182056,-3.7275064267352187,0.5049201391580532,2.0,1.4324477121794152
MNI152NLin6Asym_to_MNI152NLin2009cAsym_res-02,identity,HOCPA,45,Heschl's Gyrus (includes H1 and H2),0.867848053786782,640,604,0.8504823151125402,-5.625,0.7365398402153652,2.0,2.2401124132663703
MNI152NLin6Asym_to_MNI152NLin2009cAsym_res-02,identity,HOCPA,46,Planum Temporale,0.8156105856930848,1062,952,0.8351539225422046,-10.357815442561206,0.8004024763353607,2.0,1.3917945477321034
MNI152NLin6Asym_to_MNI152NLin2009cAsym_res-02,identity,HOCPA,47,Supracalcarine Cortex,0.8709640585929425,256,261,0.7079303675048356,1.953125,0.9663562655838781,2.0,1.9232104278532103
MNI152NLin6Asym_to_MNI152NLin2009cAsym_res-02,identity,HOCPA,48,Occipital Pole,0.8565928222899708,5425,5276,0.9062704420147649,-2.7465437788018434,0.882558770782459,2.0,1.145709384322821
MNI152NLin6Asym_to_MNI152NLin2009cAsym_res-02,identity,HOSPA,1,Left Cerebral White Matter,0.6961238894393141,33016,31371,0.9209623060555703,-4.982432759874,0.8713778386464887,2.0,1.2845016410824885
MNI152NLin6Asym_to_MNI152NLin2009cAsym_res-02,identity,HOSPA,2,Left Cerebral Cortex,0.7583991803662338,68759,65070,0.9176038078443387,-5.365115839381026,1.0613668195520993,2.0,1.2764763652155147
MNI152NLin6Asym_to_MNI152NLin2009cAsym_res-02,identity,HOSPA,3,Left Lateral Ventrical,0.6154725317126901,1145,1145,0.8358078602620087,0.0,0.7772288324327087,2.0,1.221680167353038
MNI152NLin6Asym_to_MNI152NLin2009cAsym_res-02,identity,HOSPA,4,Left Thalamus,0.9300689036903975,1402,1321,0.9305912596401028,-5.777460770328103,0.635386119257087,2.0,1.236978694304227
MNI152NLin6Asym_to_MNI152NLin2009cAsym_res-02,identity,HOSPA,5,Left Caudate,0.8941005363562173,535,487,0.863013698630137,-8.97196261682243,0.659538650513839,2.0,1.272522076091554
MNI152NLin6Asym_to_MNI152NLin2009cAsym_res-02,identity,HOSPA,6,Left Putamen,0.734009912116486,854,799,0.896551724137931,-6.4402810304449645,0.674364896073903,2.0,1.1172835236367786
MNI152NLin6Asym_to_MNI152NLin2009cAsym_res-02,identity,HOSPA,7,Left Pallidum,0.6819980167142145,277,267,0.9044117647058824,-3.6101083032490973,0.4744744744744745,2.0,0.7050782203441027
MNI152NLin6Asym_to_MNI152NLin2009cAsym_res-02,identity,HOSPA,8,Brainstem,0.8511362122206003,5084,4890,0.970723882093443,-3.815892997639654,0.3725008768853034,2.0,0.34432548320994366
MNI152NLin6Asym_to_MNI152NLin2009cAsym_res-02,identity,HOSPA,9,Left Hippocampus,0.8039899987590747,725,691,0.8884180790960452,-4.689655172413793,0.6323529411764706,2.0,0.958010544470482
MNI152NLin6Asym_to_MNI152NLin2009cAsym_res-02,identity,HOSPA,10,Left Amygdala,0.9079813005780051,322,306,0.9044585987261147,-4.968944099378882,0.5104166666666666,2.0,0.855200176412482
MNI152NLin6Asym_to_MNI152NLin2009cAsym_res-02,identity,HOSPA,11,Left Accumbens,0.777501317180349,95,89,0.9239130434782609,-6.315789473684211,0.23448275862068965,2.0,0.7142888874818593
MNI152NLin6Asym_to_MNI152NLin2009cAsym_res-02,identity,HOSPA,12,Right Cerebral White Matter,0.7478508927767791,32861,31361,0.9303665410606957,-4.564681537384741,0.7596883050796339,2.0,1.1236964487384946
MNI152NLin6Asym_to_MNI152NLin2009cAsym_res-02,identity,HOSPA,13,Right Cerebral Cortex,0.8246954895003583,67614,64054,0.9237931767779567,-5.265181767089656,0.9655817325767413,2.0,1.2032035353337
MNI152NLin6Asym_to_MNI152NLin2009cAsym_res-02,identity,HOSPA,14,Right Lateral Ventricle,0.6961610404968854,992,1019,0.8493286921929388,2.721774193548387,0.6533238027162259,2.0,0.7749416207751488
MNI152NLin6Asym_to_MNI152NLin2009cAsym_res-02,identity,HOSPA,15,Right Thalamus,0.9330273369668973,1343,1283,0.9367859862909368,-4.467609828741623,0.5625625625625625,2.0,1.1889279898676783
MNI152NLin6Asym_to_MNI152NLin2009cAsym_res-02,identity,HOSPA,16,Right Caudate,0.8555872535049228,559,511,0.8504672897196262,-8.586762075134168,0.7466266866566716,2.0,1.2505316798135682
MNI152NLin6Asym_to_MNI152NLin2009cAsym_res-02,identity,HOSPA,17,Right Putamen,0.8518104237256227,838,796,0.9204406364749081,-5.011933174224343,0.48899188876013905,2.0,1.043966915940673
MNI152NLin6Asym_to_MNI152NLin2009cAsym_res-02,identity,HOSPA,18,Right Pallidum,0.792897716239196,266,260,0.8935361216730038,-2.255639097744361,0.5212121212121212,2.0,0.9783944130001119
MNI152NLin6Asym_to_MNI152NLin2009cAsym_res-02,identity,HOSPA,19,Right Hippocampus,0.8410465900375113,743,700,0.8967428967428968,-5.787348586810229,0.56884029947176,2.0,0.9800531069593168
MNI152NLin6Asym_to_MNI152NLin2009cAsym_res-02,identity,HOSPA,20,Right Amygdala,0.9262010765431494,373,366,0.871447902571042,-1.876675603217158,0.7875894988066826,2.0,1.182589155269579
MNI152NLin6Asym_to_MNI152NLin2009cAsym_res-02,identity,HOSPA,21,Right Accumbens,0.5298272955299433,89,84,0.8554913294797688,-5.617977528089888,0.4460431654676259,2.0,0.9662914312138012
MNI152NLin6Asym_to_MNI152NLin2009cAsym_res-02,warp,HOCPA,1,Frontal Pole,0.8873517896303853,16571,17576,0.9324977304009137,6.064812021000543,0.8125025382549544,2.0,1.3117456935331984
MNI152NLin6Asym_to_MNI152NLin2009cAsym_res-02,warp,HOCPA,2,Insular Cortex,0.9419075065514592,2853,2503,0.8954443614637789,-12.267788293024886,0.6720581615309723,2.0,1.1810309192662436
MNI152NLin6Asym_to_MNI152NLin2009cAsym_res-02,warp,HOCPA,3,Superior Frontal Gyrus,0.8628263646558549,6124,5601,0.8973987206823028,-8.540169823644677,0.8563905283580528,2.0,0.942734189247215
MNI152NLin6Asym_to_MNI152NLin2009cAsym_res-02,warp,HOCPA,4,Middle Frontal Gyrus,0.8655390563916996,5978,5655,0.8909137797644632,-5.4031448645031785,1.0213545605643566,2.8284271247461903,1.9617481265946606
MNI152NLin6Asym_to_MNI152NLin2009cAsym_res-02,warp,HOCPA,5,"Inferior Frontal Gyrus, pars triangularis",0.8506381916933904,1351,1295,0.872260015117158,-4.1450777202072535,0.7702878470078303,2.0,1.406706271474392
MNI152NLin6Asym_to_MNI152NLin2009cAsym_res-02,warp,HOCPA,6,"Inferior Frontal Gyrus, pars opercularis",0.8918216411976573,1454,1425,0.8787773532476555,-1.9944979367262723,0.7817231737255246,2.0,0.4289455590914183
MNI152NLin6Asym_to_MNI152NLin2009cAsym_res-02,warp,HOCPA,7,Precentral Gyrus,0.9032617854783336,9050,8463,0.913949637412208,-6.486187845303867,0.7120363313362017,2.0,1.056450131267892
MNI152NLin6Asym_to_MNI152NLin2009cAsym_res-02,warp,HOCPA,8,Temporal Pole,0.9011109260638984,5022,4982,0.9250299880047981,-0.7964954201513341,0.7201183237529569,2.0,2.2156765873444444
MNI152NLin6Asym_to_MNI152NLin2009cAsym_res-02,warp,HOCPA,9,"Superior Temporal Gyrus, anterior division",0.8535057816710959,621,612,0.8483373884833739,-1.4492753623188406,0.7252403929923372,2.0,1.2768908349142563
MNI152NLin6Asym_to_MNI152NLin2009cAsym_res-02,warp,HOCPA,10,"Superior Temporal Gyrus, posterior division",0.8948697047383825,849,2087,0.5742506811989101,145.8186101295642,2.218808085641187,5.656854249492381,1.7883119679723327
MNI152NLin6Asym_to_MNI152NLin2009cAsym_res-02,warp,HOCPA,11,"Middle Temporal Gyrus, anterior division",0.8955463022393626,949,961,0.8712041884816754,1.2644889357218125,0.7134741112807292,2.0,5.840465159640653
MNI152NLin6Asym_to_MNI152NLin2009cAsym_res-02,warp,HOCPA,12,"Middle Temporal Gyrus, posterior division",0.8849121760020547,2964,2761,0.886288209606987,-6.848852901484481,0.8647292447276604,2.0,1.6933690315359928
MNI152NLin6Asym_to_MNI152NLin2009cAsym_res-02,warp,HOCPA,13,"Middle Temporal Gyrus, temporooccipital part",0.8795385746865554,2139,2221,0.8802752293577981,3.8335670874240297,0.8580189107755435,2.0,0.7654573659001329
MNI152NLin6Asym_to_MNI152NLin2009cAsym_res-02,warp,HOCPA,14,"Inferior Temporal Gyrus, anterior division",0.902418589519545,740,648,0.8602305475504323,-12.432432432432432,0.7877542057437652,2.0,2.3662340559035284
MNI152NLin6Asym_to_MNI152NLin2009cAsym_res-02,warp,HOCPA,15,"Inferior Temporal Gyrus, posterior division",0.9460194997241468,2022,1987,0.9074582190072338,-1.7309594460929774,0.6047448658733277,2.0,0.8681033938230601
MNI152NLin6Asym_to_MNI152NLin2009cAsym_res-02,warp,HOCPA,16,"Inferior Temporal Gyrus, temporooccipital part",0.919116737207995,1514,1471,0.9105527638190954,-2.8401585204755615,0.6386657013060897,2.0,1.3363355870136897
MNI152NLin6Asym_to_MNI152NLin2009cAsym_res-02,warp,HOCPA,17,Postcentral Gyrus,0.9003944762840459,7548,7585,0.9144254278728606,0.49019607843137253,0.7414597611405638,2.0,0.7265979666202438
MNI152NLin6Asym_to_MNI152NLin2009cAsym_res-02,warp,HOCPA,18,Superior Parietal Lobule,0.8274091698911183,3463,3211,0.8843272400359604,-7.27692751949177,0.9919781903816287,2.0,1.0828208973659383
MNI152NLin6Asym_to_MNI152NLin2009cAsym_res-02,warp,HOCPA,19,"Supramarginal Gyrus, anterior division",0.8311007799930228,1807,1776,0.8679877197878872,-1.7155506364139457,0.886293973249608,2.0,0.8967869707311589
MNI152NLin6Asym_to_MNI152NLin2009cAsym_res-02,warp,HOCPA,20,"Supramarginal Gyrus, posterior division",0.7557319467398992,2532,2557,0.8453527215562979,0.9873617693522907,0.9571984445058347,2.0,1.0489766292962792
MNI152NLin6Asym_to_MNI152NLin2009cAsym_res-02,warp,HOCPA,21,Angular Gyrus,0.7300533441130245,2696,2857,0.8359445344858635,5.971810089020772,1.1222617292173311,2.8284271247461903,1.4133716688424418
MNI152NLin6Asym_to_MNI152NLin2009cAsym_res-02,warp,HOCPA,22,"Lateral Occipital Cortex, superior division",0.900512242056066,9931,9739,0.915912557193696,-1.9333400463196053,0.9466470886584204,2.0,1.390471158273954
MNI152NLin6Asym_to_MNI152NLin2009cAsym_res-02,warp,HOCPA,23,"Lateral Occipital Cortex, inferior division",0.921277899138376,4302,4107,0.9125936496610774,-4.532775453277545,0.7919749188518266,2.0,1.3325602890455752
MNI152NLin6Asym_to_MNI152NLin2009cAsym_res-02,warp,HOCPA,24,Intracalcarine Cortex,0.9427127429477803,1548,1482,0.9095709570957096,-4.263565891472868,0.6381665034909715,2.0,0.8836736846787704
MNI152NLin6Asym_to_MNI152NLin2009cAsym_res-02,warp,HOCPA,25,Frontal Medial Cortex,0.939142447019453,991,1049,0.8666666666666667,5.852674066599395,0.8577163257880418,2.0,1.1316931832144856
MNI152NLin6Asym_to_MNI152NLin2009cAsym_res-02,warp,HOCPA,26,Juxtapositional Lobule Cortex (formerly Supplementary Motor Cortex),0.8953807508461876,1669,1596,0.9421133231240428,-4.373876572798083,0.46726697617735236,2.0,0.3977481316878079
MNI152NLin6Asym_to_MNI152NLin2009cAsym_res-02,warp,HOCPA,27,Subcallosal Cortex,0.9444770134267246,1193,1154,0.9228802726885386,-3.269069572506287,0.5204555798608838,2.0,0.32171417497298826
MNI152NLin6Asym_to_MNI152NLin2009cAsym_res-02,warp,HOCPA,28,Paracingulate Gyrus,0.8893556576928595,3197,3263,0.8972136222910216,2.064435408195183,0.8642585677200859,2.0,0.9368963043082358
MNI152NLin6Asym_to_MNI152NLin2009cAsym_res-02,warp,HOCPA,29,"Cingulate Gyrus, anterior division",0.9449560951575493,2653,2509,0.9112746997287873,-5.427817565020732,0.7152394236229591,2.0,0.8031645726921759
MNI152NLin6Asym_to_MNI152NLin2009cAsym_res-02,warp,HOCPA,30,"Cingulate Gyrus, posterior division",0.9371238560696569,2554,2435,0.9312487472439367,-4.659357870007831,0.5293871297965949,2.0,0.362009546800186
MNI152NLin6Asym_to_MNI152NLin2009cAsym_res-02,warp,HOCPA,31,Precuneous Cortex,0.9207580601791802,5864,5610,0.9477078612515252,-4.3315143246930425,0.5714668829174477,2.0,0.29072834505166956
MNI152NLin6Asym_to_MNI152NLin2009cAsym_res-02,warp,HOCPA,32,Cuneal Cortex,0.9468035621204051,1283,1200,0.9134111961337092,-6.46921278254092,0.6090696631910574,2.0,0.4271174086532515
MNI152NLin6Asym_to_MNI152NLin2009cAsym_res-02,warp,HOCPA,33,Frontal Orbital Cortex,0.9416541337650517,3266,3359,0.9074716981132075,2.8475199020208204,0.7271269880929294,2.0,0.4792544641851639
MNI152NLin6Asym_to_MNI152NLin2009cAsym_res-02,warp,HOCPA,34,"Parahippocampal Gyrus, anterior division",0.8273397639092431,1257,1304,0.8894962905115189,3.739061256961018,0.6179375720178977,2.0,0.7009835264478105
MNI152NLin6Asym_to_MNI152NLin2009cAsym_res-02,warp,HOCPA,35,"Parahippocampal Gyrus, posterior division",0.9745144431300112,731,711,0.8945908460471568,-2.735978112175103,0.5272145144076841,2.0,0.6092783679453041
MNI152NLin6Asym_to_MNI152NLin2009cAsym_res-02,warp,HOCPA,36,Lingual Gyrus,0.9402655326577319,3672,3766,0.9061575692390428,2.559912854030501,0.86850151589153,2.0,0.3636466064031898
MNI152NLin6Asym_to_MNI152NLin2009cAsym_res-02,warp,HOCPA,37,"Temporal Fusiform Cortex, anterior division",0.838994099807188,615,558,0.8286445012787724,-9.268292682926829,0.9000790993239599,2.0,1.6333107128292177
MNI152NLin6Asym_to_MNI152NLin2009cAsym_res-02,warp,HOCPA,38,"Temporal Fusiform Cortex, posterior division",0.9543707415232777,1656,1671,0.9149383829275624,0.9057971014492754,0.5327079496252072,2.0,0.36968938091357434
MNI152NLin6Asym_to_MNI152NLin2009cAsym_res-02,warp,HOCPA,39,Temporal Occipital Fusiform Cortex,0.9438148100928924,1455,1452,0.890264877880977,-0.20618556701030927,0.7171656939946566,2.0,1.5284545722966087
MNI152NLin6Asym_to_MNI152NLin2009cAsym_res-02,warp,HOCPA,40,Occipital Fusiform Gyrus,0.7903995352439935,1857,1819,0.8623503808487486,-2.046311254711901,0.9492990717852077,2.0,1.9822234747658498
MNI152NLin6Asym_to_MNI152NLin2009cAsym_res-02,warp,HOCPA,41,Frontal Operculum Cortex,0.9574021918407201,721,770,0.8423876592890678,6.796116504854369,0.8411411368714394,2.0,0.6227659633303289
MNI152NLin6Asym_to_MNI152NLin2009cAsym_res-02,warp,HOCPA,42,Central Opercular Cortex,0.9328008268250587,2046,2149,0.8724672228843862,5.034213098729228,0.8511856718219766,2.0,2.5017262652582444
MNI152NLin6Asym_to_MNI152NLin2009cAsym_res-02,warp,HOCPA,43,Parietal Operculum Cortex,0.9234453998581289,1131,1074,0.8598639455782313,-5.039787798408488,0.8037516874477967,2.0,3.70277060001973
MNI152NLin6Asym_to_MNI152NLin2009cAsym_res-02,warp,HOCPA,44,Planum Polare,0.972120003077865,778,783,0.8673926969891096,0.6426735218508998,0.5772773064091195,2.0,0.8614628377364181
MNI152NLin6Asym_to_MNI152NLin2009cAsym_res-02,warp,HOCPA,45,Heschl's Gyrus (includes H1 and H2),0.9635541898560368,640,727,0.880760790051207,13.59375,0.6076812600223876,2.0,3.3591185628902913
MNI152NLin6Asym_to_MNI152NLin2009cAsym_res-02,warp,HOCPA,46,Planum Temporale,0.940860734180286,1062,1035,0.8383404864091559,-2.542372881355932,0.7439790018080692,2.0,2.90771130991532
MNI152NLin6Asym_to_MNI152NLin2009cAsym_res-02,warp,HOCPA,47,Supracalcarine Cortex,0.9603052692799944,256,262,0.8648648648648649,2.34375,0.41346870059402946,2.0,1.190412628836137
MNI152NLin6Asym_to_MNI152NLin2009cAsym_res-02,warp,HOCPA,48,Occipital Pole,0.9429196884240882,5425,5221,0.9058801427766298,-3.76036866359447,0.8612919078511019,2.0,0.7765223703562508
MNI152NLin6Asym_to_MNI152NLin2009cAsym_res-02,warp,HOSPA,1,Left Cerebral White Matter,0.8748833602904523,33016,32498,0.9394938486430381,-1.5689362733220258,0.6488785617860747,2.0,0.9632879078465939
MNI152NLin6Asym_to_MNI152NLin2009cAsym_res-02,warp,HOSPA,2,Left Cerebral Cortex,0.8962000876899684,68759,70028,0.9499448795636479,1.8455765790660132,0.6624092766104983,2.0,1.220560503652738
MNI152NLin6Asym_to_MNI152NLin2009cAsym_res-02,warp,HOSPA,3,Left Lateral Ventrical,0.7983567115199716,1145,1289,0.8890714872637634,12.576419213973798,0.5289371812147072,2.0,1.2540153993646783
MNI152NLin6Asym_to_MNI152NLin2009cAsym_res-02,warp,HOSPA,4,Left Thalamus,0.953941068013626,1402,1387,0.9480100394406598,-1.0699001426533523,0.47855100095328884,2.0,0.701695509256439
MNI152NLin6Asym_to_MNI152NLin2009cAsym_res-02,warp,HOSPA,5,Left Caudate,0.9091493875956836,535,517,0.9163498098859315,-3.364485981308411,0.42085015915953033,2.0,0.4595251895260197
MNI152NLin6Asym_to_MNI152NLin2009cAsym_res-02,warp,HOSPA,6,Left Putamen,0.9152067455542171,854,919,0.9114495205865765,7.611241217798595,0.5826086956521739,2.0,0.48779037551618015
MNI152NLin6Asym_to_MNI152NLin2009cAsym_res-02,warp,HOSPA,7,Left Pallidum,0.8486734991417163,277,283,0.8964285714285715,2.1660649819494586,0.5072886297376094,2.0,0.6839775539717984
MNI152NLin6Asym_to_MNI152NLin2009cAsym_res-02,warp,HOSPA,8,Brainstem,0.917598185709788,5084,4882,0.970098334336745,-3.973249409913454,0.38091897579796563,2.0,0.32877849904215206
MNI152NLin6Asym_to_MNI152NLin2009cAsym_res-02,warp,HOSPA,9,Left Hippocampus,0.887314653170613,725,722,0.8832066344160332,-0.41379310344827586,0.6554621848739496,2.0,0.7880526995562382
MNI152NLin6Asym_to_MNI152NLin2009cAsym_res-02,warp,HOSPA,10,Left Amygdala,0.9315266955319293,322,306,0.9044585987261147,-4.968944099378882,0.5104166666666666,2.0,0.855200176412482
MNI152NLin6Asym_to_MNI152NLin2009cAsym_res-02,warp,HOSPA,11,Left Accumbens,0.9072499160791243,95,101,0.8775510204081632,6.315789473684211,0.4,2.0,0.26935411638504797
MNI152NLin6Asym_to_MNI152NLin2009cAsym_res-02,warp,HOSPA,12,Right Cerebral White Matter,0.8728721947141483,32861,32305,0.9426081085228494,-1.6919752898572775,0.6134692078157817,2.0,0.4734342800271956
MNI152NLin6Asym_to_MNI152NLin2009cAsym_res-02,warp,HOSPA,13,Right Cerebral Cortex,0.8929902782010238,67614,67176,0.9520439201721196,-0.6477948353891206,0.6204493837763242,2.0,0.5685571612818281
MNI152NLin6Asym_to_MNI152NLin2009cAsym_res-02,warp,HOSPA,14,Right Lateral Ventricle,0.8056987148981511,992,1167,0.8818897637795275,17.641129032258064,0.5398566579435949,2.0,0.828959730878204
MNI152NLin6Asym_to_MNI152NLin2009cAsym_res-02,warp,HOSPA,15,Right Thalamus,0.9575218420172833,1343,1342,0.9474860335195531,-0.07446016381236038,0.4735812133072407,2.0,0.7075250171381259
MNI152NLin6Asym_to_MNI152NLin2009cAsym_res-02,warp,HOSPA,16,Right Caudate,0.9163504303696441,559,538,0.918869644484959,-3.7567084078711988,0.37900874635568516,2.0,0.46080623613062904
MNI152NLin6Asym_to_MNI152NLin2009cAsym_res-02,warp,HOSPA,17,Right Putamen,0.9286259484542428,838,868,0.9390386869871044,3.579952267303103,0.4053751399776036,2.0,0.375002645771147
MNI152NLin6Asym_to_MNI152NLin2009cAsym_res-02,warp,HOSPA,18,Right Pallidum,0.8828721110186658,266,280,0.8901098901098901,5.2631578947368425,0.5411764705882353,2.0,0.3719392398270463
MNI152NLin6Asym_to_MNI152NLin2009cAsym_res-02,warp,HOSPA,19,Right Hippocampus,0.8813154960495703,743,715,0.8916323731138546,-3.768506056527591,0.5912809820762727,2.0,0.7773935143021984
MNI152NLin6Asym_to_MNI152NLin2009cAsym_res-02,warp,HOSPA,20,Right Amygdala,0.9472009914837687,373,389,0.868766404199475,4.289544235924933,0.7611769146406162,2.0,0.8037837183086889
MNI152NLin6Asym_to_MNI152NLin2009cAsym_res-02,warp,HOSPA,21,Right Accumbens,0.9186397861618736,89,96,0.9081081081081082,7.865168539325842,0.2550335570469799,2.0,0.10927837798096558
MNI152NLin2009cAsym_to_MNI152NLin6Asym_res-01,identity,HOCPA,1,Frontal Pole,0.609341750146277,120948,132792,0.8929061243792858,9.792638158547476,1.0951492056663006,2.23606797749979,1.239619699923774
MNI152NLin2009cAsym_to_MNI152NLin6Asym_res-01,identity,HOCPA,2,Insular Cortex,0.8503832285680565,21449,22912,0.8819007686932215,6.820830807963075,0.6924755192541179,1.4142135623730951,1.1908338503225286
MNI152NLin2009cAsym_to_MNI152NLin6Asym_res-01,identity,HOCPA,3,Superior Frontal Gyrus,0.5539644199840492,45246,48957,0.8363640223772066,8.201829996021747,1.1800129309740721,2.23606797749979,2.0173583185427364
MNI152NLin2009cAsym_to_MNI152NLin6Asym_res-01,identity,HOCPA,4,Middle Frontal Gyrus,0.5418304453604189,45499,47698,0.8767664195199416,4.833073254357239,1.0109932357190325,2.23606797749979,0.9238384799541629
MNI152NLin2009cAsym_to_MNI152NLin6Asym_res-01,identity,HOCPA,5,"Inferior Frontal Gyrus, pars triangularis",0.6835364892581611,9503,10879,0.8448631145128054,14.479638009049774,0.8231711563188603,2.0,2.3766831456070556
MNI152NLin2009cAsym_to_MNI152NLin6Asym_res-01,identity,HOCPA,6,"Inferior Frontal Gyrus, pars opercularis",0.7646282740780995,11674,11576,0.885247311827957,-0.8394723316772315,0.680490171512177,1.7320508075688772,2.0013117333142905
MNI152NLin2009cAsym_to_MNI152NLin6Asym_res-01,identity,HOCPA,7,Precentral Gyrus,0.6687292461085004,70031,72750,0.8646528599743664,3.8825662920706545,0.9953449595897637,2.23606797749979,1.8270180983242537
MNI152NLin2009cAsym_to_MNI152NLin6Asym_res-01,identity,HOCPA,8,Temporal Pole,0.5910390194470031,37827,40520,0.8931803387494097,7.119253443307691,0.8898684030280638,2.0,1.7704221322354932
MNI152NLin2009cAsym_to_MNI152NLin6Asym_res-01,identity,HOCPA,9,"Superior Temporal Gyrus, anterior division",0.7202004256192757,4482,4818,0.8103225806451613,7.49665327978581,0.8337537046439956,1.7320508075688772,1.0874644699500895
MNI152NLin2009cAsym_to_MNI152NLin6Asym_res-01,identity,HOCPA,10,"Superior Temporal Gyrus, posterior division",0.7341756122967813,6488,6782,0.8281838733986435,4.531442663378545,0.6472764264872171,1.4142135623730951,1.1718282934256645
MNI152NLin2009cAsym_to_MNI152NLin6Asym_res-01,identity,HOCPA,11,"Middle Temporal Gyrus, anterior division",0.570214245275907,6952,7546,0.8312870740791833,8.544303797468354,0.8346531183945998,2.0,1.4615006013046674
MNI152NLin2009cAsym_to_MNI152NLin6Asym_res-01,identity,HOCPA,12,"Middle Temporal Gyrus, posterior division",0.5980696286524843,21879,23892,0.8978173952939634,9.200603318250376,0.7414762073393091,2.0,0.6731258118962122
MNI152NLin2009cAsym_to_MNI152NLin6Asym_res-01,identity,HOCPA,13,"Middle Temporal Gyrus, temporooccipital part",0.5862430063383591,16041,17007,0.8953038005325588,6.0220684495979055,0.7044713372488615,1.7320508075688772,0.47645243942591314
MNI152NLin2009cAsym_to_MNI152NLin6Asym_res-01,identity,HOCPA,14,"Inferior Temporal Gyrus, anterior division",0.6154795612138168,5385,5798,0.7962085308056872,7.669452181987001,0.9611786734468116,2.23606797749979,3.0407302008246626
MNI152NLin2009cAsym_to_MNI152NLin6Asym_res-01,identity,HOCPA,15,"Inferior Temporal Gyrus, posterior division",0.7116654597144608,15745,16274,0.8422499141134951,3.3597967608764687,0.9059672922501892,1.7320508075688772,1.3438884652665517
MNI152NLin2009cAsym_to_MNI152NLin6Asym_res-01,identity,HOCPA,16,"Inferior Temporal Gyrus, temporooccipital part",0.652444540975814,11973,12121,0.8865277662488587,1.236114591163451,0.728014550356682,1.4142135623730951,1.3164385699316061
MNI152NLin2009cAsym_to_MNI152NLin6Asym_res-01,identity,HOCPA,17,Postcentral Gyrus,0.542449019576598,55269,60278,0.8542670947752863,9.062946678970128,1.0728078112628388,2.23606797749979,1.5397091857092338
MNI152NLin2009cAsym_to_MNI152NLin6Asym_res-01,identity,HOCPA,18,Superior Parietal Lobule,0.24202672178629542,23450,27778,0.8076832981962989,18.45628997867804,1.4077692655926761,3.1622776601683795,2.4728120054148723
MNI152NLin2009cAsym_to_MNI152NLin6Asym_res-01,identity,HOCPA,19,"Supramarginal Gyrus, anterior division",0.5082403679144749,13831,14195,0.85235138799686,2.6317692140843034,0.8853135150013187,2.0,1.8212739163829101
MNI152NLin2009cAsym_to_MNI152NLin6Asym_res-01,identity,HOCPA,20,"Supramarginal Gyrus, posterior division",0.38849404638236557,18720,20287,0.8454892711564591,8.370726495726496,0.8507297527441678,2.0,1.2973403874256022
MNI152NLin2009cAsym_to_MNI152NLin6Asym_res-01,identity,HOCPA,21,Angular Gyrus,0.20096371935510238,19542,21471,0.8087191865993709,9.87104697574455,1.1648892475351018,2.449489742783178,2.5395172409681632
MNI152NLin2009cAsym_to_MNI152NLin6Asym_res-01,identity,HOCPA,22,"Lateral Occipital Cortex, superior division",0.43260957579488996,78196,79416,0.8652640661878537,1.5601821065016113,1.2944805155243433,2.449489742783178,2.2452187423445165
MNI152NLin2009cAsym_to_MNI152NLin6Asym_res-01,identity,HOCPA,23,"Lateral Occipital Cortex, inferior division",0.608926725455852,32849,34471,0.8987819370172311,4.93774544126153,0.8154989714082195,2.0,1.118369059172551
MNI152NLin2009cAsym_to_MNI152NLin6Asym_res-01,identity,HOCPA,24,Intracalcarine Cortex,0.7314853483487368,11317,12226,0.8606379815656459,8.032164001060352,0.8720284651889003,1.4142135623730951,1.2781794760467289
MNI152NLin2009cAsym_to_MNI152NLin6Asym_res-01,identity,HOCPA,25,Frontal Medial Cortex,0.561645283092207,7796,8065,0.8281949435722842,3.4504874294510004,0.9436092275476158,2.0,1.8569060839942606
MNI152NLin2009cAsym_to_MNI152NLin6Asym_res-01,identity,HOCPA,26,Juxtapositional Lobule Cortex (formerly Supplementary Motor Cortex),0.8370314604266821,11954,13149,0.8967852447914592,9.996653839718922,0.761589842429994,1.4142135623730951,1.5733576649546932
MNI152NLin2009cAsym_to_MNI152NLin6Asym_res-01,identity,HOCPA,27,Subcallosal Cortex,0.7980500695520852,9021,9576,0.8963811367424853,6.152311273694712,0.6878712276587979,1.4142135623730951,1.1836353936286088
MNI152NLin2009cAsym_to_MNI152NLin6Asym_res-01,identity,HOCPA,28,Paracingulate Gyrus,0.7495154439677167,23252,25409,0.8915969667701034,9.276621365904008,0.7845993182400228,1.7320508075688772,0.9589767841658866
MNI152NLin2009cAsym_to_MNI152NLin6Asym_res-01,identity,HOCPA,29,"Cingulate Gyrus, anterior division",0.8672083953235035,20844,21375,0.9205334091285914,2.547495682210708,0.6210420763851492,1.4142135623730951,0.6934325359804744
MNI152NLin2009cAsym_to_MNI152NLin6Asym_res-01,identity,HOCPA,30,"Cingulate Gyrus, posterior division",0.8687759574408926,19228,20505,0.8996551984496515,6.641356355315166,0.7104731997791877,1.4142135623730951,1.4073429615904394
MNI152NLin2009cAsym_to_MNI152NLin6Asym_res-01,identity,HOCPA,31,Precuneous Cortex,0.8109824926820766,44787,46951,0.9285138110706578,4.831759215843883,0.7008909024926177,1.7320508075688772,1.2624359297462255
MNI152NLin2009cAsym_to_MNI152NLin6Asym_res-01,identity,HOCPA,32,Cuneal Cortex,0.8194699196541053,9934,10357,0.8733921443004288,4.258103482987719,0.79361457577569,1.4142135623730951,1.5315302175378818
MNI152NLin2009cAsym_to_MNI152NLin6Asym_res-01,identity,HOCPA,33,Frontal Orbital Cortex,0.6749859886310063,25157,26016,0.8688566236101068,3.414556584648408,0.8973219476214931,2.0,2.1479918165017886
MNI152NLin2009cAsym_to_MNI152NLin6Asym_res-01,identity,HOCPA,34,"Parahippocampal Gyrus, anterior division",0.7171208048683528,9956,10125,0.8510532344006773,1.6974688629971877,0.7752376506987,1.7320508075688772,1.7579470664371344
MNI152NLin2009cAsym_to_MNI152NLin6Asym_res-01,identity,HOCPA,35,"Parahippocampal Gyrus, posterior division",0.9253288084053707,5698,5835,0.9052284748114108,2.4043524043524043,0.4533860792588774,1.0,0.7669771629514998
MNI152NLin2009cAsym_to_MNI152NLin6Asym_res-01,identity,HOCPA,36,Lingual Gyrus,0.8579007449200379,26880,29447,0.9076996822127932,9.54985119047619,0.7399686972088156,1.7320508075688772,1.2479952932290999
MNI152NLin2009cAsym_to_MNI152NLin6Asym_res-01,identity,HOCPA,37,"Temporal Fusiform Cortex, anterior division",0.4553284289875586,4901,4811,0.8097199341021417,-1.836359926545603,0.8888641206331099,2.0,2.2030227425225597
MNI152NLin2009cAsym_to_MNI152NLin6Asym_res-01,identity,HOCPA,38,"Temporal Fusiform Cortex, posterior division",0.7520526280664886,12680,13174,0.8722054614373018,3.8958990536277605,0.7303914987003859,1.4142135623730951,1.546849146392655
MNI152NLin2009cAsym_to_MNI152NLin6Asym_res-01,identity,HOCPA,39,Temporal Occipital Fusiform Cortex,0.8377967855510347,11759,11730,0.9047639320533015,-0.24661961051109788,0.5812692685682579,1.4142135623730951,1.5784076346532603
MNI152NLin2009cAsym_to_MNI152NLin6Asym_res-01,identity,HOCPA,40,Occipital Fusiform Gyrus,0.6301263287197444,14538,14876,0.8905963146800843,2.3249415325354246,0.6821955283784942,1.7320508075688772,1.1246921688158542
MNI152NLin2009cAsym_to_MNI152NLin6Asym_res-01,identity,HOCPA,41,Frontal Operculum Cortex,0.8704280375937253,5313,5703,0.8701888162672476,7.340485601355167,0.6165874553074764,1.4142135623730951,0.683391720547773
MNI152NLin2009cAsym_to_MNI152NLin6Asym_res-01,identity,HOCPA,42,Central Opercular Cortex,0.7774619896569819,14953,16498,0.8895742583701631,10.332374774292784,0.6666973505805763,1.4142135623730951,0.28338757722614655
MNI152NLin2009cAsym_to_MNI152NLin6Asym_res-01,identity,HOCPA,43,Parietal Operculum Cortex,0.6029098531150022,8739,9016,0.9025063362433118,3.1696990502345805,0.5535244794375994,1.0,0.7840994830008816
MNI152NLin2009cAsym_to_MNI152NLin6Asym_res-01,identity,HOCPA,44,Planum Polare,0.9027023953689564,5871,6252,0.835931700074239,6.4895247828308635,0.670996282552267,1.4142135623730951,1.112430112839991
MNI152NLin2009cAsym_to_MNI152NLin6Asym_res-01,identity,HOCPA,45,Heschl's Gyrus (includes H1 and H2),0.8607422320919785,4730,5165,0.8753916119252148,9.19661733615222,0.5762274495169976,1.4142135623730951,2.331549927576559
MNI152NLin2009cAsym_to_MNI152NLin6Asym_res-01,identity,HOCPA,46,Planum Temporale,0.8028899925954097,8032,8476,0.8741216379937,5.527888446215139,0.5675311078175248,1.4142135623730951,1.1474599531364205
MNI152NLin2009cAsym_to_MNI152NLin6Asym_res-01,identity,HOCPA,47,Supracalcarine Cortex,0.8417141965027061,2081,2025,0.760837798343887,-2.691013935607881,0.6987092971212416,1.4142135623730951,1.628855892982257
MNI152NLin2009cAsym_to_MNI152NLin6Asym_res-01,identity,HOCPA,48,Occipital Pole,0.7120767749175627,41973,43363,0.8689650323427393,3.3116527291353965,1.0817083172044244,2.0,1.492157727459543
MNI152NLin2009cAsym_to_MNI152NLin6Asym_res-01,identity,HOSPA,1,Left Cerebral White Matter,0.6678429142082952,249575,263098,0.9034998917438601,5.418411299208655,0.9121664810445829,2.0,1.187852127980013
MNI152NLin2009cAsym_to_MNI152NLin6Asym_res-01,identity,HOSPA,2,Left Cerebral Cortex,0.5696112917390834,512675,549513,0.8959845149822818,7.185448871117179,1.1399620366368748,2.23606797749979,1.2126260075348751
MNI152NLin2009cAsym_to_MNI152NLin6Asym_res-01,identity,HOSPA,3,Left Lateral Ventrical,0.615518401632728,9299,9035,0.8897131013417694,-2.839014947843854,0.5236589728517702,1.0,1.1607419308371894
MNI152NLin2009cAsym_to_MNI152NLin6Asym_res-01,identity,HOSPA,4,Left Thalamus,0.9390660415650831,10385,11092,0.9321599851003399,6.80789600385171,0.6069207116752433,1.0,0.8335185070294554
MNI152NLin2009cAsym_to_MNI152NLin6Asym_res-01,identity,HOSPA,5,Left Caudate,0.8486982368528349,3949,4262,0.9036658141517476,7.9260572296784,0.47725261471875013,1.0,1.1514433302966558
MNI152NLin2009cAsym_to_MNI152NLin6Asym_res-01,identity,HOSPA,6,Left Putamen,0.8054052162501282,6397,6760,0.8511058751995135,5.674534938252306,0.9075648155267909,1.4142135623730951,1.088015058191604
MNI152NLin2009cAsym_to_MNI152NLin6Asym_res-01,identity,HOSPA,7,Left Pallidum,0.7485898228572256,2133,2259,0.8356102003642987,5.9071729957805905,0.8148037763780448,1.4142135623730951,1.0182187447893447
MNI152NLin2009cAsym_to_MNI152NLin6Asym_res-01,identity,HOSPA,8,Brainstem,0.8489977505213359,38610,40741,0.9562324356340814,5.519295519295519,0.5277555289110633,1.4142135623730951,0.9549470122531398
MNI152NLin2009cAsym_to_MNI152NLin6Asym_res-01,identity,HOSPA,9,Left Hippocampus,0.7719646074716952,5575,5876,0.9141559689110121,5.3991031390134525,0.45690119203105095,1.0,1.1760728882837814
MNI152NLin2009cAsym_to_MNI152NLin6Asym_res-01,identity,HOSPA,10,Left Amygdala,0.8725290979887654,2476,2539,0.9172482552342971,2.544426494345719,0.4009831488401582,1.0,1.0625271663207019
MNI152NLin2009cAsym_to_MNI152NLin6Asym_res-01,identity,HOSPA,11,Left Accumbens,0.8391968470604594,756,777,0.8701891715590345,2.7777777777777777,0.4600896349494029,1.0,1.0299697723589487
MNI152NLin2009cAsym_to_MNI152NLin6Asym_res-01,identity,HOSPA,12,Right Cerebral White Matter,0.7372485588229468,250063,263210,0.941117105322119,5.2574751162707,0.5835960642518032,1.4142135623730951,0.5382106828405079
MNI152NLin2009cAsym_to_MNI152NLin6Asym_res-01,identity,HOSPA,13,Right Cerebral Cortex,0.6730283800891081,509101,542565,0.9293939330547911,6.57315542495497,0.792850923285703,2.0,0.5057114728467051
MNI152NLin2009cAsym_to_MNI152NLin6Asym_res-01,identity,HOSPA,14,Right Lateral Ventricle,0.6112960304634236,8283,8036,0.8875543844598321,-2.982011348545213,0.513841010264282,1.0,0.5319047368493575
MNI152NLin2009cAsym_to_MNI152NLin6Asym_res-01,identity,HOSPA,15,Right Thalamus,0.9111920275858012,10211,10957,0.9584278155706727,7.305846635980805,0.38311853629797676,1.0,0.641373409769198
MNI152NLin2009cAsym_to_MNI152NLin6Asym_res-01,identity,HOSPA,16,Right Caudate,0.7685150786805153,4127,4480,0.851167654234925,8.553428640659074,0.7348235287865331,1.4142135623730951,1.2756092062553215
MNI152NLin2009cAsym_to_MNI152NLin6Asym_res-01,identity,HOSPA,17,Right Putamen,0.8671220262055006,6397,6736,0.9533236884184878,5.299359074566203,0.2979516261950512,1.0,0.8191729399489392
MNI152NLin2009cAsym_to_MNI152NLin6Asym_res-01,identity,HOSPA,18,Right Pallidum,0.8797738206166208,2118,2152,0.9362997658079625,1.6052880075542966,0.3155661624748468,1.0,0.7697142920045844
MNI152NLin2009cAsym_to_MNI152NLin6Asym_res-01,identity,HOSPA,19,Right Hippocampus,0.8576192485543176,5688,5940,0.9336085311317509,4.430379746835443,0.3801187504082882,1.0,0.960020518904957
MNI152NLin2009cAsym_to_MNI152NLin6Asym_res-01,identity,HOSPA,20,Right Amygdala,0.9369662613472599,2848,2922,0.8960138648180243,2.598314606741573,0.5384016786822459,1.4142135623730951,1.2395444699043399
MNI152NLin2009cAsym_to_MNI152NLin6Asym_res-01,identity,HOSPA,21,Right Accumbens,0.8484835453879137,666,687,0.7878787878787878,3.1531531531531534,0.7040205041413047,1.4142135623730951,0.871431753208784
MNI152NLin2009cAsym_to_MNI152NLin6Asym_res-01,warp,HOCPA,1,Frontal Pole,0.9099921441407858,120948,119800,0.9560619402861082,-0.9491682375897079,0.48519697690838104,1.0,0.9493095057039511
MNI152NLin2009cAsym_to_MNI152NLin6Asym_res-01,warp,HOCPA,2,Insular Cortex,0.9700027831709371,21449,21408,0.9555965186550622,-0.19115110261550655,0.2765567297832342,1.0,0.3239756129400422
MNI152NLin2009cAsym_to_MNI152NLin6Asym_res-01,warp,HOCPA,3,Superior Frontal Gyrus,0.8652063907469726,45246,43683,0.9077803641106951,-3.454449012067365,0.6861339657289929,1.4142135623730951,1.005415413139328
MNI152NLin2009cAsym_to_MNI152NLin6Asym_res-01,warp,HOCPA,4,Middle Frontal Gyrus,0.8764037471229013,45499,44173,0.9065260058881256,-2.9143497659289217,0.7768086751876624,2.23606797749979,1.9711919646362175
MNI152NLin2009cAsym_to_MNI152NLin6Asym_res-01,warp,HOCPA,5,"Inferior Frontal Gyrus, pars triangularis",0.9095453724211802,9503,9388,0.8858186437986343,-1.2101441650005262,0.5902298212174929,1.4142135623730951,1.0668675713957227
MNI152NLin2009cAsym_to_MNI152NLin6Asym_res-01,warp,HOCPA,6,"Inferior Frontal Gyrus, pars opercularis",0.9532767202601133,11674,11870,0.911739721372749,1.678944663354463,0.5504351227614509,1.4142135623730951,0.8907625295328582
MNI152NLin2009cAsym_to_MNI152NLin6Asym_res-01,warp,HOCPA,7,Precentral Gyrus,0.9257638398928942,70031,74398,0.9275837954981341,6.235809855635361,0.5826975168620804,1.4142135623730951,0.9515693431485491
MNI152NLin2009cAsym_to_MNI152NLin6Asym_res-01,warp,HOCPA,8,Temporal Pole,0.9277062333049875,37827,38684,0.9553136150357465,2.2655774975546565,0.40496514319405164,1.0,0.854683775463357
MNI152NLin2009cAsym_to_MNI152NLin6Asym_res-01,warp,HOCPA,9,"Superior Temporal Gyrus, anterior division",0.8810781569001308,4482,4302,0.9200819672131147,-4.016064257028113,0.3680454859924808,1.0,1.966456518604177
MNI152NLin2009cAsym_to_MNI152NLin6Asym_res-01,warp,HOCPA,10,"Superior Temporal Gyrus, posterior division",0.9008260657666294,6488,5990,0.875621093123898,-7.675709001233046,0.4532712161528815,1.0,0.20335282156844256
MNI152NLin2009cAsym_to_MNI152NLin6Asym_res-01,warp,HOCPA,11,"Middle Temporal Gyrus, anterior division",0.9383464982332603,6952,6766,0.9265199008601837,-2.675489067894131,0.3914511543895742,1.0,1.8580535908142792
MNI152NLin2009cAsym_to_MNI152NLin6Asym_res-01,warp,HOCPA,12,"Middle Temporal Gyrus, posterior division",0.8850246526054456,21879,21368,0.9433717945753463,-2.335572923808218,0.4065633194793599,1.0,0.655868972428306
MNI152NLin2009cAsym_to_MNI152NLin6Asym_res-01,warp,HOCPA,13,"Middle Temporal Gyrus, temporooccipital part",0.8784363915476052,16041,15550,0.9083599759425153,-3.0609064272800945,0.5998557305321142,1.4142135623730951,1.791866242409316
MNI152NLin2009cAsym_to_MNI152NLin6Asym_res-01,warp,HOCPA,14,"Inferior Temporal Gyrus, anterior division",0.9325986001980403,5385,5845,0.9120213713268032,8.542246982358403,0.45601986780655357,1.0,2.7158078753743
MNI152NLin2009cAsym_to_MNI152NLin6Asym_res-01,warp,HOCPA,15,"Inferior Temporal Gyrus, posterior division",0.9432520501753913,15745,15453,0.9283928456952368,-1.8545570022229279,0.4408411374762189,1.0,1.0157646662033561
MNI152NLin2009cAsym_to_MNI152NLin6Asym_res-01,warp,HOCPA,16,"Inferior Temporal Gyrus, temporooccipital part",0.9200205304766658,11973,11946,0.9096534136042477,-0.22550739163117015,0.6047164678381342,1.4142135623730951,1.2174947557430946
MNI152NLin2009cAsym_to_MNI152NLin6Asym_res-01,warp,HOCPA,17,Postcentral Gyrus,0.9141021682998305,55269,55453,0.9331659471469085,0.3329171868497711,0.5182130033319153,1.4142135623730951,0.8864197010436874
MNI152NLin2009cAsym_to_MNI152NLin6Asym_res-01,warp,HOCPA,18,Superior Parietal Lobule,0.8216108051275076,23450,24952,0.8915334077104252,6.405117270788913,0.7889030962774959,2.0,0.7803141318821677
MNI152NLin2009cAsym_to_MNI152NLin6Asym_res-01,warp,HOCPA,19,"Supramarginal Gyrus, anterior division",0.8732908314905287,13831,13965,0.9082601813210534,0.968838117272793,0.5581651542929658,1.4142135623730951,1.2131562352736305
MNI152NLin2009cAsym_to_MNI152NLin6Asym_res-01,warp,HOCPA,20,"Supramarginal Gyrus, posterior division",0.7385378620979364,18720,18172,0.8732516534750081,-2.927350427350427,0.6964072746615108,2.0,0.7087383101248256
MNI152NLin2009cAsym_to_MNI152NLin6Asym_res-01,warp,HOCPA,21,Angular Gyrus,0.7139971311142786,19542,17916,0.8377916599925249,-8.320540374577833,0.9539549340560239,2.449489742783178,1.1602614723911975
MNI152NLin2009cAsym_to_MNI152NLin6Asym_res-01,warp,HOCPA,22,"Lateral Occipital Cortex, superior division",0.8794101460968021,78196,79539,0.9282150442197357,1.717479154943987,0.7417327802258716,2.0,1.707089744011281
MNI152NLin2009cAsym_to_MNI152NLin6Asym_res-01,warp,HOCPA,23,"Lateral Occipital Cortex, inferior division",0.9113187572330717,32849,34362,0.9253247236315484,4.605924076836433,0.6256795270941338,1.7320508075688772,1.6123591684361491
MNI152NLin2009cAsym_to_MNI152NLin6Asym_res-01,warp,HOCPA,24,Intracalcarine Cortex,0.9614501884540508,11317,11415,0.9411402428294915,0.8659538747017761,0.3877763020572649,1.0,0.5605073172604509
MNI152NLin2009cAsym_to_MNI152NLin6Asym_res-01,warp,HOCPA,25,Frontal Medial Cortex,0.9582223778146992,7796,7681,0.9305420947211992,-1.4751154438173422,0.42889516596521504,1.0,0.3679588793306974
MNI152NLin2009cAsym_to_MNI152NLin6Asym_res-01,warp,HOCPA,26,Juxtapositional Lobule Cortex (formerly Supplementary Motor Cortex),0.9200764894171347,11954,12257,0.9207385072900748,2.5347164129161786,0.5855213990372493,1.4142135623730951,1.1425066099568673
MNI152NLin2009cAsym_to_MNI152NLin6Asym_res-01,warp,HOCPA,27,Subcallosal Cortex,0.9697590157454293,9021,9311,0.937922758018765,3.2147212060747146,0.4353841397454996,1.0,0.33492941614247784
MNI152NLin2009cAsym_to_MNI152NLin6Asym_res-01,warp,HOCPA,28,Paracingulate Gyrus,0.8920454069027114,23252,23028,0.9116681071737252,-0.9633579907104766,0.6425027167399211,1.4142135623730951,1.1152814910609021
MNI152NLin2009cAsym_to_MNI152NLin6Asym_res-01,warp,HOCPA,29,"Cingulate Gyrus, anterior division",0.9648569763041485,20844,20771,0.9330770154992191,-0.35022068700825176,0.5127549959829537,1.4142135623730951,0.658423057159939
MNI152NLin2009cAsym_to_MNI152NLin6Asym_res-01,warp,HOCPA,30,"Cingulate Gyrus, posterior division",0.9620106429271905,19228,18939,0.9555375062226531,-1.5030164343665489,0.32967155957217875,1.0,0.39682660196497616
MNI152NLin2009cAsym_to_MNI152NLin6Asym_res-01,warp,HOCPA,31,Precuneous Cortex,0.9379384053015407,44787,45592,0.9532302857964793,1.797396565967803,0.4788501583782735,1.4142135623730951,0.5891182867418983
MNI152NLin2009cAsym_to_MNI152NLin6Asym_res-01,warp,HOCPA,32,Cuneal Cortex,0.9604131066550421,9934,10025,0.9305075404579388,0.9160459029595329,0.45069420610362976,1.0,0.4283433713130845
MNI152NLin2009cAsym_to_MNI152NLin6Asym_res-01,warp,HOCPA,33,Frontal Orbital Cortex,0.9662538353240218,25157,25207,0.9481375585735843,0.1987518384545057,0.3864124565823889,1.0,0.30218050348355224
MNI152NLin2009cAsym_to_MNI152NLin6Asym_res-01,warp,HOCPA,34,"Parahippocampal Gyrus, anterior division",0.9208635559554689,9956,10347,0.9257745160813673,3.927280032141422,0.4037806564959751,1.0,0.4829283843334948
MNI152NLin2009cAsym_to_MNI152NLin6Asym_res-01,warp,HOCPA,35,"Parahippocampal Gyrus, posterior division",0.9873785213303552,5698,5564,0.9472562599893447,-2.3517023517023516,0.25130683813635957,1.0,0.2401036606375505
MNI152NLin2009cAsym_to_MNI152NLin6Asym_res-01,warp,HOCPA,36,Lingual Gyrus,0.9557414083072139,26880,26994,0.9443887589560828,0.42410714285714285,0.4471671749048051,1.0,0.3376693823491239
MNI152NLin2009cAsym_to_MNI152NLin6Asym_res-01,warp,HOCPA,37,"Temporal Fusiform Cortex, anterior division",0.9075244967591688,4901,5123,0.9000399042298484,4.529687818812487,0.48265404473071155,1.4142135623730951,1.095570196294531
MNI152NLin2009cAsym_to_MNI152NLin6Asym_res-01,warp,HOCPA,38,"Temporal Fusiform Cortex, posterior division",0.9592058386133626,12680,12523,0.9338570805062889,-1.2381703470031546,0.3964085942681178,1.0,0.5990185641671
MNI152NLin2009cAsym_to_MNI152NLin6Asym_res-01,warp,HOCPA,39,Temporal Occipital Fusiform Cortex,0.9537573774190689,11759,11807,0.9203937876601884,0.40819797601836894,0.4891892049486754,1.4142135623730951,0.7962752009952843
MNI152NLin2009cAsym_to_MNI152NLin6Asym_res-01,warp,HOCPA,40,Occipital Fusiform Gyrus,0.7776288545876634,14538,15021,0.9036841571095098,3.322327692942633,0.6104521757093448,1.7320508075688772,1.4388728631108203
MNI152NLin2009cAsym_to_MNI152NLin6Asym_res-01,warp,HOCPA,41,Frontal Operculum Cortex,0.9758127347115807,5313,5229,0.9231644849174729,-1.5810276679841897,0.3727461437823546,1.0,0.3222999600522768
MNI152NLin2009cAsym_to_MNI152NLin6Asym_res-01,warp,HOCPA,42,Central Opercular Cortex,0.9443058608456049,14953,14905,0.9237055395538885,-0.32100581823045543,0.4735962666406026,1.0,2.178787864431904
MNI152NLin2009cAsym_to_MNI152NLin6Asym_res-01,warp,HOCPA,43,Parietal Operculum Cortex,0.9420318192326957,8739,9047,0.8893511750815248,3.5244307128962125,0.6082693428102922,1.4142135623730951,3.8317726146204945
MNI152NLin2009cAsym_to_MNI152NLin6Asym_res-01,warp,HOCPA,44,Planum Polare,0.9821003195792292,5871,5888,0.923377838251552,0.28955884857775505,0.3196551656050673,1.0,0.7723009959351049
MNI152NLin2009cAsym_to_MNI152NLin6Asym_res-01,warp,HOCPA,45,Heschl's Gyrus (includes H1 and H2),0.9771792504714887,4730,4621,0.9141268313549353,-2.3044397463002113,0.4023454367987566,1.0,1.4704639427942081
MNI152NLin2009cAsym_to_MNI152NLin6Asym_res-01,warp,HOCPA,46,Planum Temporale,0.9531670816592018,8032,7916,0.8891397040381239,-1.4442231075697212,0.49920091243779674,1.0,1.7410224975770539
MNI152NLin2009cAsym_to_MNI152NLin6Asym_res-01,warp,HOCPA,47,Supracalcarine Cortex,0.9761652942071718,2081,1878,0.873452892144481,-9.754925516578568,0.3755745561169536,1.0,0.6372404253037299
MNI152NLin2009cAsym_to_MNI152NLin6Asym_res-01,warp,HOCPA,48,Occipital Pole,0.940008084698745,41973,43788,0.9456279660918133,4.324208419698378,0.4861826456584057,1.4142135623730951,0.247928816558591
MNI152NLin2009cAsym_to_MNI152NLin6Asym_res-01,warp,HOSPA,1,Left Cerebral White Matter,0.8866772693209114,249575,255112,0.9548333917854036,2.218571571671842,0.4532148398072061,1.0,0.5040667402777828
MNI152NLin2009cAsym_to_MNI152NLin6Asym_res-01,warp,HOSPA,2,Left Cerebral Cortex,0.903579257397717,512675,515799,0.9644191297008967,0.6093529038864778,0.4298268530313275,1.0,0.37841042816615306
MNI152NLin2009cAsym_to_MNI152NLin6Asym_res-01,warp,HOSPA,3,Left Lateral Ventrical,0.8508816248162565,9299,8041,0.8971164936562861,-13.528336380255942,0.4873848418016739,1.0,1.2841461527142004
MNI152NLin2009cAsym_to_MNI152NLin6Asym_res-01,warp,HOSPA,4,Left Thalamus,0.973389769214878,10385,10669,0.965422247553909,2.734713529128551,0.3064522682965793,1.0,0.34048159175009113
MNI152NLin2009cAsym_to_MNI152NLin6Asym_res-01,warp,HOSPA,5,Left Caudate,0.9233071089005065,3949,4009,0.9303845187232973,1.5193719929095975,0.35059410679175446,1.0,0.41197347756842717
MNI152NLin2009cAsym_to_MNI152NLin6Asym_res-01,warp,HOSPA,6,Left Putamen,0.9470425317242461,6397,6116,0.9566051306641093,-4.392684070658121,0.2613588612797575,1.0,0.24287717943978082
MNI152NLin2009cAsym_to_MNI152NLin6Asym_res-01,warp,HOSPA,7,Left Pallidum,0.9260877959133369,2133,2162,0.9499417927823051,1.3595874355368027,0.25343811394891946,1.0,0.26460849651161245
MNI152NLin2009cAsym_to_MNI152NLin6Asym_res-01,warp,HOSPA,8,Brainstem,0.9436004400470464,38610,38625,0.9726419369456852,0.03885003885003885,0.3327741855886432,1.0,0.18191240112950094
MNI152NLin2009cAsym_to_MNI152NLin6Asym_res-01,warp,HOSPA,9,Left Hippocampus,0.9477047894379912,5575,5566,0.9525177273135266,-0.16143497757847533,0.2636029070288614,1.0,0.2858103567117852
MNI152NLin2009cAsym_to_MNI152NLin6Asym_res-01,warp,HOSPA,10,Left Amygdala,0.9716967766872583,2476,2403,0.936667349866776,-2.9483037156704364,0.32240247126289007,1.0,0.392428909469167
MNI152NLin2009cAsym_to_MNI152NLin6Asym_res-01,warp,HOSPA,11,Left Accumbens,0.9467403396394279,756,726,0.9203778677462888,-3.9682539682539684,0.27777081861666125,1.0,0.42554588696033835
MNI152NLin2009cAsym_to_MNI152NLin6Asym_res-01,warp,HOSPA,12,Right Cerebral White Matter,0.8917691653277825,250063,257039,0.9524079968132644,2.789696996356918,0.47574939504074504,1.0,0.3902333342113301
MNI152NLin2009cAsym_to_MNI152NLin6Asym_res-01,warp,HOSPA,13,Right Cerebral Cortex,0.9066846853215953,509101,515313,0.9603090156909219,1.220190099803379,0.46726553047778696,1.0,0.4546721628442493
MNI152NLin2009cAsym_to_MNI152NLin6Asym_res-01,warp,HOSPA,14,Right Lateral Ventricle,0.8555417170570617,8283,6844,0.8940305414160111,-17.372932512374742,0.47164299350068045,1.0,0.6397197213222211
MNI152NLin2009cAsym_to_MNI152NLin6Asym_res-01,warp,HOSPA,15,Right Thalamus,0.9713148979739973,10211,10208,0.9699789411822323,-0.029380080305552836,0.27091798677917694,1.0,0.2502424909678839
MNI152NLin2009cAsym_to_MNI152NLin6Asym_res-01,warp,HOSPA,16,Right Caudate,0.9434278448062292,4127,4182,0.9076904561319051,1.3326871819723771,0.4649385318253908,1.0,0.6615305149984662
MNI152NLin2009cAsym_to_MNI152NLin6Asym_res-01,warp,HOSPA,17,Right Putamen,0.952375067592485,6397,6030,0.9474531262573429,-5.737064248866656,0.32612037428645885,1.0,0.2954115977643337
MNI152NLin2009cAsym_to_MNI152NLin6Asym_res-01,warp,HOSPA,18,Right Pallidum,0.945620066462524,2118,1815,0.8980422069666921,-14.305949008498583,0.4765541145166192,1.0,0.3907987535036598
MNI152NLin2009cAsym_to_MNI152NLin6Asym_res-01,warp,HOSPA,19,Right Hippocampus,0.9518389996428386,5688,5573,0.9437882958884646,-2.0218002812939524,0.31833028338835806,1.0,0.30793834312280255
MNI152NLin2009cAsym_to_MNI152NLin6Asym_res-01,warp,HOSPA,20,Right Amygdala,0.9786460733111741,2848,2686,0.9215757137694254,-5.688202247191011,0.4290661694830431,1.0,0.45426045782512897
MNI152NLin2009cAsym_to_MNI152NLin6Asym_res-01,warp,HOSPA,21,Right Accumbens,0.9375515537072431,666,626,0.8622291021671826,-6.006006006006006,0.4411136971936922,1.0,0.4017641155850145
MNI152NLin2009cAsym_to_MNI152NLin6Asym_res-02,identity,HOCPA,1,Frontal Pole,0.71239144903184,15397,16571,0.8799424424424425,7.624861986101188,1.443902347355776,2.0,1.367492257354363
MNI152NLin2009cAsym_to_MNI152NLin6Asym_res-02,identity,HOCPA,2,Insular Cortex,0.9071441028556878,2341,2853,0.8648440508278783,21.870995301153354,0.8468315553417501,2.0,1.0785230994564683
MNI152NLin2009cAsym_to_MNI152NLin6Asym_res-02,identity,HOCPA,3,Superior Frontal Gyrus,0.6288959755561419,5080,6124,0.8106033559443057,20.551181102362204,1.4766755855670883,2.8284271247461903,2.0607583185525327
MNI152NLin2009cAsym_to_MNI152NLin6Asym_res-02,identity,HOCPA,4,Middle Frontal Gyrus,0.6262201278594681,5316,5978,0.8624048167168408,12.452972159518435,1.2481589240186344,2.8284271247461903,1.6767242594432936
MNI152NLin2009cAsym_to_MNI152NLin6Asym_res-02,identity,HOCPA,5,"Inferior Frontal Gyrus, pars triangularis",0.7410541187955562,1103,1351,0.8581907090464548,22.484134179510427,0.8361455195708584,2.0,3.6804940773395405
MNI152NLin2009cAsym_to_MNI152NLin6Asym_res-02,identity,HOCPA,6,"Inferior Frontal Gyrus, pars opercularis",0.824255824926392,1384,1454,0.8886539816772375,5.057803468208093,0.7239275239071168,2.0,1.1250349676435583
MNI152NLin2009cAsym_to_MNI152NLin6Asym_res-02,identity,HOCPA,7,Precentral Gyrus,0.7622048602226512,8573,9050,0.8543380809169835,5.563979937011548,1.1885372764724034,2.8284271247461903,1.9233682840545616
MNI152NLin2009cAsym_to_MNI152NLin6Asym_res-02,identity,HOCPA,8,Temporal Pole,0.6537973329680511,4711,5022,0.9035240932908661,6.601570791763956,0.9306585465235366,2.0,1.0899847878586753
MNI152NLin2009cAsym_to_MNI152NLin6Asym_res-02,identity,HOCPA,9,"Superior Temporal Gyrus, anterior division",0.7811201574757998,521,621,0.8441330998248686,19.193857965451055,0.760318838334222,2.0,1.6804024051174282
MNI152NLin2009cAsym_to_MNI152NLin6Asym_res-02,identity,HOCPA,10,"Superior Temporal Gyrus, posterior division",0.7275698830614048,1830,849,0.6188876446435237,-53.60655737704918,1.9633432745064052,4.898979485566356,3.601445231150448
MNI152NLin2009cAsym_to_MNI152NLin6Asym_res-02,identity,HOCPA,11,"Middle Temporal Gyrus, anterior division",0.6323314562583595,848,949,0.8558708959376738,11.910377358490566,0.8203942754741045,2.0,1.5655145008060998
MNI152NLin2009cAsym_to_MNI152NLin6Asym_res-02,identity,HOCPA,12,"Middle Temporal Gyrus, posterior division",0.6824423167444461,2525,2964,0.8886864638367644,17.386138613861387,0.8676832970450944,2.0,1.1190268418536453
MNI152NLin2009cAsym_to_MNI152NLin6Asym_res-02,identity,HOCPA,13,"Middle Temporal Gyrus, temporooccipital part",0.7034221867927761,2004,2139,0.907072169925175,6.736526946107785,0.6796389129762584,2.0,0.3629989929780995
MNI152NLin2009cAsym_to_MNI152NLin6Asym_res-02,identity,HOCPA,14,"Inferior Temporal Gyrus, anterior division",0.7120490501751842,647,740,0.829127613554434,14.37403400309119,0.9357407437415425,2.0,2.251098806033836
MNI152NLin2009cAsym_to_MNI152NLin6Asym_res-02,identity,HOCPA,15,"Inferior Temporal Gyrus, posterior division",0.8160162669103165,1942,2022,0.9117053481331988,4.11946446961895,0.5763954315502198,2.0,1.72010865901103
MNI152NLin2009cAsym_to_MNI152NLin6Asym_res-02,identity,HOCPA,16,"Inferior Temporal Gyrus, temporooccipital part",0.7363775928746695,1470,1514,0.9276139410187667,2.993197278911565,0.5147093411897925,2.0,1.589111332849389
MNI152NLin2009cAsym_to_MNI152NLin6Asym_res-02,identity,HOCPA,17,Postcentral Gyrus,0.6658132481041417,6895,7548,0.8523160008308523,9.47063089195069,1.2186380009595237,2.8284271247461903,1.9497506840825998
MNI152NLin2009cAsym_to_MNI152NLin6Asym_res-02,identity,HOCPA,18,Superior Parietal Lobule,0.3129791498260435,2908,3463,0.8237325380630984,19.085281980742778,1.4256176727017305,4.0,2.1495069379904366
MNI152NLin2009cAsym_to_MNI152NLin6Asym_res-02,identity,HOCPA,19,"Supramarginal Gyrus, anterior division",0.6039120932117977,1742,1807,0.8689771766694844,3.7313432835820897,0.8830815711788896,2.0,2.390068135064577
MNI152NLin2009cAsym_to_MNI152NLin6Asym_res-02,identity,HOCPA,20,"Supramarginal Gyrus, posterior division",0.4828193194183304,2259,2532,0.8758088081820079,12.084993359893758,0.7293328497225492,2.0,1.3062938732490277
MNI152NLin2009cAsym_to_MNI152NLin6Asym_res-02,identity,HOCPA,21,Angular Gyrus,0.34472759350602994,2409,2696,0.8438785504407443,11.913657119136571,1.0467434641578603,2.0,2.3577869074488187
MNI152NLin2009cAsym_to_MNI152NLin6Asym_res-02,identity,HOCPA,22,"Lateral Occipital Cortex, superior division",0.5562059191478701,9779,9931,0.8821917808219178,1.5543511606503733,1.3418221151932956,2.8284271247461903,1.9263362453429658
MNI152NLin2009cAsym_to_MNI152NLin6Asym_res-02,identity,HOCPA,23,"Lateral Occipital Cortex, inferior division",0.726147389409058,4089,4302,0.9226552258372065,5.209097578870139,0.7154850198596704,2.0,2.0081976502161076
MNI152NLin2009cAsym_to_MNI152NLin6Asym_res-02,identity,HOCPA,24,Intracalcarine Cortex,0.7809723044714337,1401,1548,0.8301119023397762,10.492505353319057,1.2211644980506104,2.0,1.3963592353663674
MNI152NLin2009cAsym_to_MNI152NLin6Asym_res-02,identity,HOCPA,25,Frontal Medial Cortex,0.6663252693456136,976,991,0.8805287239450941,1.5368852459016393,0.7508218523062958,2.0,1.2478480430730925
MNI152NLin2009cAsym_to_MNI152NLin6Asym_res-02,identity,HOCPA,26,Juxtapositional Lobule Cortex (formerly Supplementary Motor Cortex),0.8880496931730882,1484,1669,0.9013637805264827,12.466307277628033,0.7847476939730764,2.0,1.5516744538293412
MNI152NLin2009cAsym_to_MNI152NLin6Asym_res-02,identity,HOCPA,27,Subcallosal Cortex,0.8675559952150498,1142,1193,0.9447537473233405,4.46584938704028,0.3758020164986251,2.0,0.7178504769417718
MNI152NLin2009cAsym_to_MNI152NLin6Asym_res-02,identity,HOCPA,28,Paracingulate Gyrus,0.8052584085178579,2944,3197,0.8715192965315095,8.59375,1.0850594357823526,2.0,1.1282602103318802
MNI152NLin2009cAsym_to_MNI152NLin6Asym_res-02,identity,HOCPA,29,"Cingulate Gyrus, anterior division",0.9032685233927071,2592,2653,0.8964728312678741,2.353395061728395,0.874801143345025,2.0,0.920820706078087
MNI152NLin2009cAsym_to_MNI152NLin6Asym_res-02,identity,HOCPA,30,"Cingulate Gyrus, posterior division",0.9071112358875105,2412,2554,0.8824003221908981,5.887230514096186,0.9443965456158392,2.0,1.6677065471129602
MNI152NLin2009cAsym_to_MNI152NLin6Asym_res-02,identity,HOCPA,31,Precuneous Cortex,0.8531544903561296,5623,5864,0.9191259684861147,4.285968344300196,0.8936364839395307,2.0,1.2590271501176182
MNI152NLin2009cAsym_to_MNI152NLin6Asym_res-02,identity,HOCPA,32,Cuneal Cortex,0.8709931431129526,1227,1283,0.8756972111553785,4.563977180114099,0.8991364096802031,2.0,1.4641069607713413
MNI152NLin2009cAsym_to_MNI152NLin6Asym_res-02,identity,HOCPA,33,Frontal Orbital Cortex,0.7722207814737888,3148,3266,0.8974119114437169,3.7484116899618805,0.8083733179520303,2.0,1.365492065262065
MNI152NLin2009cAsym_to_MNI152NLin6Asym_res-02,identity,HOCPA,34,"Parahippocampal Gyrus, anterior division",0.754761926607971,1248,1257,0.9109780439121756,0.7211538461538461,0.5190844900348646,2.0,1.1583529372437003
MNI152NLin2009cAsym_to_MNI152NLin6Asym_res-02,identity,HOCPA,35,"Parahippocampal Gyrus, posterior division",0.9479173393749765,710,731,0.8952116585704372,2.9577464788732395,0.5256410256410257,2.0,0.610926770115457
MNI152NLin2009cAsym_to_MNI152NLin6Asym_res-02,identity,HOCPA,36,Lingual Gyrus,0.8987306033485133,3381,3672,0.8872820076563165,8.606921029281278,1.0508569256493936,2.0,1.1246798543944556
MNI152NLin2009cAsym_to_MNI152NLin6Asym_res-02,identity,HOCPA,37,"Temporal Fusiform Cortex, anterior division",0.48077234570901345,610,615,0.8342857142857143,0.819672131147541,0.9326271708038408,2.0,1.9146442356741884
MNI152NLin2009cAsym_to_MNI152NLin6Asym_res-02,identity,HOCPA,38,"Temporal Fusiform Cortex, posterior division",0.8585429264506598,1594,1656,0.9144615384615384,3.889585947302384,0.5568296514945167,2.0,1.1103620942000694
MNI152NLin2009cAsym_to_MNI152NLin6Asym_res-02,identity,HOCPA,39,Temporal Occipital Fusiform Cortex,0.8814852486087323,1469,1455,0.914500683994528,-0.9530292716133424,0.5760605274179104,2.0,0.9649171864740526
MNI152NLin2009cAsym_to_MNI152NLin6Asym_res-02,identity,HOCPA,40,Occipital Fusiform Gyrus,0.6611170327610832,1806,1857,0.8872508872508873,2.823920265780731,0.8249505748361546,2.0,0.804797856012332
MNI152NLin2009cAsym_to_MNI152NLin6Asym_res-02,identity,HOCPA,41,Frontal Operculum Cortex,0.9195253263879136,687,721,0.8167613636363636,4.9490538573508,0.9877593496789738,2.0,1.022784342462114
MNI152NLin2009cAsym_to_MNI152NLin6Asym_res-02,identity,HOCPA,42,Central Opercular Cortex,0.8432868764144501,1886,2046,0.8351983723296033,8.48356309650053,1.1241307985007025,2.0,0.9283150662632734
MNI152NLin2009cAsym_to_MNI152NLin6Asym_res-02,identity,HOCPA,43,Parietal Operculum Cortex,0.6674560308763149,1119,1131,0.8755555555555555,1.0723860589812333,0.7722372826652416,2.0,1.1214688354959732
MNI152NLin2009cAsym_to_MNI152NLin6Asym_res-02,identity,HOCPA,44,Planum Polare,0.9427306491886174,749,778,0.8814669286182056,3.871829105473965,0.5049201391580531,2.0,1.432447712179427
MNI152NLin2009cAsym_to_MNI152NLin6Asym_res-02,identity,HOCPA,45,Heschl's Gyrus (includes H1 and H2),0.914776365685545,604,640,0.8504823151125402,5.960264900662252,0.7365398402153652,2.0,2.2401124132663703
MNI152NLin2009cAsym_to_MNI152NLin6Asym_res-02,identity,HOCPA,46,Planum Temporale,0.8463916100611418,952,1062,0.8351539225422046,11.554621848739496,0.8004024763353609,2.0,1.3917945477321034
MNI152NLin2009cAsym_to_MNI152NLin6Asym_res-02,identity,HOCPA,47,Supracalcarine Cortex,0.9177735309576589,261,256,0.7079303675048356,-1.9157088122605364,0.9663562655838781,2.0,1.9232104278532103
MNI152NLin2009cAsym_to_MNI152NLin6Asym_res-02,identity,HOCPA,48,Occipital Pole,0.8092288827329597,5276,5425,0.9062704420147649,2.824109173616376,0.882558770782459,2.0,1.145709384322819
MNI152NLin2009cAsym_to_MNI152NLin6Asym_res-02,identity,HOSPA,1,Left Cerebral White Matter,0.7298925157467693,31371,33016,0.9209623060555703,5.243696407510121,0.8713778386464885,2.0,1.2845016410824885
MNI152NLin2009cAsym_to_MNI152NLin6Asym_res-02,identity,HOSPA,2,Left Cerebral Cortex,0.6675376786550196,65070,68759,0.9176038078443387,5.669279237743968,1.0613668195520993,2.0,1.2764763652155147
MNI152NLin2009cAsym_to_MNI152NLin6Asym_res-02,identity,HOSPA,3,Left Lateral Ventrical,0.7559257743025414,1145,1145,0.8358078602620087,0.0,0.7772288324327087,2.0,1.221680167353038
MNI152NLin2009cAsym_to_MNI152NLin6Asym_res-02,identity,HOSPA,4,Left Thalamus,0.9786485513885514,1321,1402,0.9305912596401028,6.131718395155185,0.635386119257087,2.0,1.236978694304227
MNI152NLin2009cAsym_to_MNI152NLin6Asym_res-02,identity,HOSPA,5,Left Caudate,0.952765376105832,487,535,0.863013698630137,9.856262833675565,0.659538650513839,2.0,1.272522076091554
MNI152NLin2009cAsym_to_MNI152NLin6Asym_res-02,identity,HOSPA,6,Left Putamen,0.8525605925005034,799,854,0.896551724137931,6.88360450563204,0.674364896073903,2.0,1.1172835236367786
MNI152NLin2009cAsym_to_MNI152NLin6Asym_res-02,identity,HOSPA,7,Left Pallidum,0.8522095684819206,267,277,0.9044117647058824,3.745318352059925,0.4744744744744745,2.0,0.7050782203441027
MNI152NLin2009cAsym_to_MNI152NLin6Asym_res-02,identity,HOSPA,8,Brainstem,0.8723186490241666,4890,5084,0.970723882093443,3.967280163599182,0.3725008768853034,2.0,0.34432548320994366
MNI152NLin2009cAsym_to_MNI152NLin6Asym_res-02,identity,HOSPA,9,Left Hippocampus,0.8889921594921558,691,725,0.8884180790960452,4.92040520984081,0.6323529411764706,2.0,0.958010544470482
MNI152NLin2009cAsym_to_MNI152NLin6Asym_res-02,identity,HOSPA,10,Left Amygdala,0.9184379184317534,306,322,0.9044585987261147,5.228758169934641,0.5104166666666666,2.0,0.855200176412482
MNI152NLin2009cAsym_to_MNI152NLin6Asym_res-02,identity,HOSPA,11,Left Accumbens,0.9083258929342608,89,95,0.9239130434782609,6.741573033707865,0.23448275862068965,2.0,0.7142888874818593
MNI152NLin2009cAsym_to_MNI152NLin6Asym_res-02,identity,HOSPA,12,Right Cerebral White Matter,0.7813953586795057,31361,32861,0.9303665410606957,4.783010745830809,0.759688305079634,2.0,1.1236964487384946
MNI152NLin2009cAsym_to_MNI152NLin6Asym_res-02,identity,HOSPA,13,Right Cerebral Cortex,0.7633198056967274,64054,67614,0.9237931767779567,5.557810597308521,0.9655817325767415,2.0,1.2032035353336954
MNI152NLin2009cAsym_to_MNI152NLin6Asym_res-02,identity,HOSPA,14,Right Lateral Ventricle,0.7814417033098253,1019,992,0.8493286921929388,-2.649656526005888,0.6533238027162259,2.0,0.7749416207751488
MNI152NLin2009cAsym_to_MNI152NLin6Asym_res-02,identity,HOSPA,15,Right Thalamus,0.9801115757548544,1283,1343,0.9367859862909368,4.676539360872954,0.5625625625625625,2.0,1.1889279898676783
MNI152NLin2009cAsym_to_MNI152NLin6Asym_res-02,identity,HOSPA,16,Right Caudate,0.944867397295078,511,559,0.8504672897196262,9.393346379647749,0.7466266866566716,2.0,1.2505316798135682
MNI152NLin2009cAsym_to_MNI152NLin6Asym_res-02,identity,HOSPA,17,Right Putamen,0.9355170450209084,796,838,0.9204406364749081,5.276381909547739,0.48899188876013905,2.0,1.043966915940673
MNI152NLin2009cAsym_to_MNI152NLin6Asym_res-02,identity,HOSPA,18,Right Pallidum,0.8968351462409496,260,266,0.8935361216730038,2.3076923076923075,0.5212121212121212,2.0,0.9783944130001261
MNI152NLin2009cAsym_to_MNI152NLin6Asym_res-02,identity,HOSPA,19,Right Hippocampus,0.9604112544816757,700,743,0.8967428967428968,6.142857142857143,0.5688402994717601,2.0,0.9800531069593168
MNI152NLin2009cAsym_to_MNI152NLin6Asym_res-02,identity,HOSPA,20,Right Amygdala,0.9811831938013393,366,373,0.871447902571042,1.9125683060109289,0.7875894988066826,2.0,1.182589155269579
MNI152NLin2009cAsym_to_MNI152NLin6Asym_res-02,identity,HOSPA,21,Right Accumbens,0.8646895292464066,84,89,0.8554913294797688,5.9523809523809526,0.4460431654676259,2.0,0.9662914312138012
MNI152NLin2009cAsym_to_MNI152NLin6Asym_res-02,warp,HOCPA,1,Frontal Pole,0.8841679524276773,15397,14512,0.9328295830686415,-5.747872962265377,0.7919485861137961,2.0,1.3368820557151846
MNI152NLin2009cAsym_to_MNI152NLin6Asym_res-02,warp,HOCPA,2,Insular Cortex,0.9820830080224073,2341,2683,0.89171974522293,14.60914139256728,0.6850119084876188,2.0,1.2823083818927905
MNI152NLin2009cAsym_to_MNI152NLin6Asym_res-02,warp,HOCPA,3,Superior Frontal Gyrus,0.8487292677958235,5080,5589,0.8984909551035711,10.01968503937008,0.8210830097228585,2.0,0.8052763646670652
MNI152NLin2009cAsym_to_MNI152NLin6Asym_res-02,warp,HOCPA,4,Middle Frontal Gyrus,0.8727360256380623,5316,5533,0.8894829016499216,4.08201655379985,0.9804668411765913,2.8284271247461903,2.169163966720043
MNI152NLin2009cAsym_to_MNI152NLin6Asym_res-02,warp,HOCPA,5,"Inferior Frontal Gyrus, pars triangularis",0.8971464271524711,1103,1171,0.8654353562005277,6.165004533091569,0.7557188997893554,2.0,1.577675872170045
MNI152NLin2009cAsym_to_MNI152NLin6Asym_res-02,warp,HOCPA,6,"Inferior Frontal Gyrus, pars opercularis",0.9347366680899211,1384,1427,0.8843827819281395,3.106936416184971,0.7615178760478862,2.0,1.0138164688042073
MNI152NLin2009cAsym_to_MNI152NLin6Asym_res-02,warp,HOCPA,7,Precentral Gyrus,0.9060979193077165,8573,9186,0.9126640013514274,7.15035576810918,0.7212428268550906,2.0,0.9337494389416345
MNI152NLin2009cAsym_to_MNI152NLin6Asym_res-02,warp,HOCPA,8,Temporal Pole,0.9106483235932423,4711,4754,0.9208663497094559,0.9127573763532159,0.7356587246385984,2.0,2.126836065179546
MNI152NLin2009cAsym_to_MNI152NLin6Asym_res-02,warp,HOCPA,9,"Superior Temporal Gyrus, anterior division",0.8696159391868821,521,534,0.8511848341232228,2.495201535508637,0.6902460460325562,2.0,1.14220323321946
MNI152NLin2009cAsym_to_MNI152NLin6Asym_res-02,warp,HOCPA,10,"Superior Temporal Gyrus, posterior division",0.864621210881717,1830,735,0.5676413255360624,-59.83606557377049,2.152820269251034,4.898979485566356,2.5540151156968616
MNI152NLin2009cAsym_to_MNI152NLin6Asym_res-02,warp,HOCPA,11,"Middle Temporal Gyrus, anterior division",0.921527540588302,848,838,0.8706998813760379,-1.179245283018868,0.6998028661364918,2.0,6.021301917486458
MNI152NLin2009cAsym_to_MNI152NLin6Asym_res-02,warp,HOCPA,12,"Middle Temporal Gyrus, posterior division",0.8711229186661418,2525,2692,0.8863331416522906,6.6138613861386135,0.831971539073204,2.0,1.751497731417243
MNI152NLin2009cAsym_to_MNI152NLin6Asym_res-02,warp,HOCPA,13,"Middle Temporal Gyrus, temporooccipital part",0.8855046993983829,2004,1924,0.8818737270875764,-3.992015968063872,0.831482801311005,2.0,0.7236787416108462
MNI152NLin2009cAsym_to_MNI152NLin6Asym_res-02,warp,HOCPA,14,"Inferior Temporal Gyrus, anterior division",0.9118613920254751,647,740,0.8637346791636625,14.37403400309119,0.7691421356237309,2.0,2.3013706355341426
MNI152NLin2009cAsym_to_MNI152NLin6Asym_res-02,warp,HOCPA,15,"Inferior Temporal Gyrus, posterior division",0.9383583770249733,1942,1971,0.9077434193713263,1.4933058702368691,0.6058282791969773,2.0,0.9711315264627589
MNI152NLin2009cAsym_to_MNI152NLin6Asym_res-02,warp,HOCPA,16,"Inferior Temporal Gyrus, temporooccipital part",0.933437835287993,1470,1511,0.915129151291513,2.7891156462585034,0.6014864335435899,2.0,1.6200439467248489
MNI152NLin2009cAsym_to_MNI152NLin6Asym_res-02,warp,HOCPA,17,Postcentral Gyrus,0.8944220293137307,6895,6895,0.90891950688905,0.0,0.7469530353180199,2.0,0.852951201861946
MNI152NLin2009cAsym_to_MNI152NLin6Asym_res-02,warp,HOCPA,18,Superior Parietal Lobule,0.8289520032354066,2908,3075,0.8791576132375063,5.742778541953233,0.9599663104535415,2.0,0.8781507179640923
MNI152NLin2009cAsym_to_MNI152NLin6Asym_res-02,warp,HOCPA,19,"Supramarginal Gyrus, anterior division",0.8507955317864938,1742,1753,0.8698140200286123,0.6314580941446614,0.8644106429914092,2.0,0.6907938216095492
MNI152NLin2009cAsym_to_MNI152NLin6Asym_res-02,warp,HOCPA,20,"Supramarginal Gyrus, posterior division",0.7634161323421881,2259,2260,0.8479752157556981,0.04426737494466578,0.8924755745328666,2.0,0.6498245464723928
MNI152NLin2009cAsym_to_MNI152NLin6Asym_res-02,warp,HOCPA,21,Angular Gyrus,0.7551645472659145,2409,2280,0.8270420132224355,-5.354919053549191,1.0731939524824392,2.0,1.1864013195153822
MNI152NLin2009cAsym_to_MNI152NLin6Asym_res-02,warp,HOCPA,22,"Lateral Occipital Cortex, superior division",0.8887620438242517,9779,9904,0.9170350048265,1.2782493097453727,0.92631428715473,2.0,1.472721266931266
MNI152NLin2009cAsym_to_MNI152NLin6Asym_res-02,warp,HOCPA,23,"Lateral Occipital Cortex, inferior division",0.9111078508197173,4089,4289,0.9083313439961804,4.8911714355588165,0.8222440890096373,2.0,1.4514330469951524
MNI152NLin2009cAsym_to_MNI152NLin6Asym_res-02,warp,HOCPA,24,Intracalcarine Cortex,0.9708390415782888,1401,1456,0.9107455372768638,3.9257673090649536,0.6143165538806832,2.0,0.8817591928738036
MNI152NLin2009cAsym_to_MNI152NLin6Asym_res-02,warp,HOCPA,25,Frontal Medial Cortex,0.9674157410650535,976,919,0.8601583113456465,-5.840163934426229,0.8870891289684665,2.0,1.1967355182673662
MNI152NLin2009cAsym_to_MNI152NLin6Asym_res-02,warp,HOCPA,26,Juxtapositional Lobule Cortex (formerly Supplementary Motor Cortex),0.9137282960863596,1484,1563,0.9386281588447654,5.32345013477089,0.47413919747702743,2.0,0.41298963027231506
MNI152NLin2009cAsym_to_MNI152NLin6Asym_res-02,warp,HOCPA,27,Subcallosal Cortex,0.9795775660021042,1142,1192,0.9237360754070265,4.378283712784588,0.5286106014535906,2.0,0.3677976116224097
MNI152NLin2009cAsym_to_MNI152NLin6Asym_res-02,warp,HOCPA,28,Paracingulate Gyrus,0.9083146174014023,2944,2854,0.8947913073473611,-3.057065217391304,0.8415019985408447,2.0,0.9840658628187935
MNI152NLin2009cAsym_to_MNI152NLin6Asym_res-02,warp,HOCPA,29,"Cingulate Gyrus, anterior division",0.9720623098051872,2592,2719,0.9165882131425344,4.8996913580246915,0.7015265229839118,2.0,0.6866449672419433
MNI152NLin2009cAsym_to_MNI152NLin6Asym_res-02,warp,HOCPA,30,"Cingulate Gyrus, posterior division",0.9709604485667143,2412,2542,0.9317723052079128,5.389718076285241,0.5202419730107026,2.0,0.343100551886586
MNI152NLin2009cAsym_to_MNI152NLin6Asym_res-02,warp,HOCPA,31,Precuneous Cortex,0.9424477192732267,5623,5893,0.9472038902396666,4.801707273697315,0.5857805912948677,2.0,0.3271437656507818
MNI152NLin2009cAsym_to_MNI152NLin6Asym_res-02,warp,HOCPA,32,Cuneal Cortex,0.9642653026588657,1227,1297,0.9096671949286846,5.704971475142624,0.6276704500401966,2.0,0.4074048726548582
MNI152NLin2009cAsym_to_MNI152NLin6Asym_res-02,warp,HOCPA,33,Frontal Orbital Cortex,0.9657639262015695,3148,3032,0.902588996763754,-3.684879288437103,0.7385350075367555,2.0,0.44900726204207453
MNI152NLin2009cAsym_to_MNI152NLin6Asym_res-02,warp,HOCPA,34,"Parahippocampal Gyrus, anterior division",0.9198275003938223,1248,1239,0.8789706473663048,-0.7211538461538461,0.6712234106473525,2.0,0.9765440449149655
MNI152NLin2009cAsym_to_MNI152NLin6Asym_res-02,warp,HOCPA,35,"Parahippocampal Gyrus, posterior division",0.9948649979656804,710,730,0.8958333333333334,2.816901408450704,0.5240641711229946,2.0,0.6109989540071881
MNI152NLin2009cAsym_to_MNI152NLin6Asym_res-02,warp,HOCPA,36,Lingual Gyrus,0.9665797409552928,3381,3287,0.9022195560887822,-2.7802425317953268,0.8653550641086969,2.0,0.36702277982007536
MNI152NLin2009cAsym_to_MNI152NLin6Asym_res-02,warp,HOCPA,37,"Temporal Fusiform Cortex, anterior division",0.9171093140451971,610,666,0.835423197492163,9.180327868852459,0.8609273070578422,2.0,0.9689766136045431
MNI152NLin2009cAsym_to_MNI152NLin6Asym_res-02,warp,HOCPA,38,"Temporal Fusiform Cortex, posterior division",0.9596366532868449,1594,1581,0.9127559055118111,-0.8155583437892095,0.5369927006671392,2.0,0.4088929353080283
MNI152NLin2009cAsym_to_MNI152NLin6Asym_res-02,warp,HOCPA,39,Temporal Occipital Fusiform Cortex,0.964575501979243,1469,1476,0.8923599320882852,0.4765146358066712,0.7102749102550403,2.0,1.3650451564635222
MNI152NLin2009cAsym_to_MNI152NLin6Asym_res-02,warp,HOCPA,40,Occipital Fusiform Gyrus,0.793015422119223,1806,1851,0.8662838392124692,2.4916943521594686,0.9403833604998786,2.0,1.8839118493648035
MNI152NLin2009cAsym_to_MNI152NLin6Asym_res-02,warp,HOCPA,41,Frontal Operculum Cortex,0.9880847441559985,687,645,0.8318318318318318,-6.11353711790393,0.9071251268242,2.0,1.2551398683294923
MNI152NLin2009cAsym_to_MNI152NLin6Asym_res-02,warp,HOCPA,42,Central Opercular Cortex,0.9569281341766629,1886,1812,0.8642509464575446,-3.9236479321314954,0.8760622753197709,2.0,2.5055761826295178
MNI152NLin2009cAsym_to_MNI152NLin6Asym_res-02,warp,HOCPA,43,Parietal Operculum Cortex,0.9531682003584017,1119,1188,0.8634590377113134,6.166219839142091,0.8150968973646346,2.0,3.889852919976734
MNI152NLin2009cAsym_to_MNI152NLin6Asym_res-02,warp,HOCPA,44,Planum Polare,0.9887257641065523,749,747,0.8716577540106952,-0.26702269692923897,0.5715899041539044,2.0,0.7476677957072806
MNI152NLin2009cAsym_to_MNI152NLin6Asym_res-02,warp,HOCPA,45,Heschl's Gyrus (includes H1 and H2),0.9884186135364822,604,529,0.8755516328331863,-12.417218543046358,0.5952760277764021,2.0,3.568820147278486
MNI152NLin2009cAsym_to_MNI152NLin6Asym_res-02,warp,HOCPA,46,Planum Temporale,0.964845645382511,952,956,0.8385744234800838,0.42016806722689076,0.729320624330881,2.0,4.037206234666015
MNI152NLin2009cAsym_to_MNI152NLin6Asym_res-02,warp,HOCPA,47,Supracalcarine Cortex,0.9736683858464561,261,255,0.8565891472868217,-2.2988505747126435,0.4596087631882311,2.0,1.2935916310438353
MNI152NLin2009cAsym_to_MNI152NLin6Asym_res-02,warp,HOCPA,48,Occipital Pole,0.9270815343864881,5276,5503,0.9127006215789962,4.3025018953752845,0.8114751637079257,2.0,0.6689752507881038
MNI152NLin2009cAsym_to_MNI152NLin6Asym_res-02,warp,HOSPA,1,Left Cerebral White Matter,0.9060265517347602,31371,31797,0.9407611448834853,1.3579420483886393,0.638757348204767,2.0,0.8234767218601403
MNI152NLin2009cAsym_to_MNI152NLin6Asym_res-02,warp,HOSPA,2,Left Cerebral Cortex,0.8917963745954666,65070,64017,0.9499949646362531,-1.6182572614107884,0.6488213847106773,2.0,1.173823533670397
MNI152NLin2009cAsym_to_MNI152NLin6Asym_res-02,warp,HOSPA,3,Left Lateral Ventrical,0.8837028865451645,1145,1004,0.886924150767799,-12.314410480349345,0.5224237890196354,2.0,1.425795230890533
MNI152NLin2009cAsym_to_MNI152NLin6Asym_res-02,warp,HOSPA,4,Left Thalamus,0.9824024004232962,1321,1320,0.9503975766755017,-0.0757002271006813,0.44555444555444557,2.0,0.6161891680807341
MNI152NLin2009cAsym_to_MNI152NLin6Asym_res-02,warp,HOSPA,5,Left Caudate,0.9757341538191975,487,509,0.9216867469879518,4.517453798767967,0.4157022020316949,2.0,0.344122381329526
MNI152NLin2009cAsym_to_MNI152NLin6Asym_res-02,warp,HOSPA,6,Left Putamen,0.9631362643751099,799,730,0.9012426422498365,-8.635794743429287,0.6188381283574435,2.0,0.541260207075318
MNI152NLin2009cAsym_to_MNI152NLin6Asym_res-02,warp,HOSPA,7,Left Pallidum,0.9364153531357742,267,261,0.8939393939393939,-2.247191011235955,0.5276073619631901,2.0,0.7043800634240726
MNI152NLin2009cAsym_to_MNI152NLin6Asym_res-02,warp,HOSPA,8,Brainstem,0.9204738144205308,4890,5092,0.970146263273893,4.130879345603272,0.38091897579796563,2.0,0.3280019366512732
MNI152NLin2009cAsym_to_MNI152NLin6Asym_res-02,warp,HOSPA,9,Left Hippocampus,0.9720781115784182,691,701,0.8864942528735632,1.447178002894356,0.6419753086419753,2.0,0.7506460409607555
MNI152NLin2009cAsym_to_MNI152NLin6Asym_res-02,warp,HOSPA,10,Left Amygdala,0.9672917081327717,306,321,0.9059011164274322,4.901960784313726,0.5,2.0,0.8350218419301287
MNI152NLin2009cAsym_to_MNI152NLin6Asym_res-02,warp,HOSPA,11,Left Accumbens,0.9680742473755571,89,85,0.8735632183908046,-4.49438202247191,0.4117647058823529,2.0,0.20416937949403308
MNI152NLin2009cAsym_to_MNI152NLin6Asym_res-02,warp,HOSPA,12,Right Cerebral White Matter,0.9089646096917233,31361,31909,0.9430061640587957,1.7473932591435222,0.6091670763316269,2.0,0.497549496940731
MNI152NLin2009cAsym_to_MNI152NLin6Asym_res-02,warp,HOSPA,13,Right Cerebral Cortex,0.8789323938259819,64054,64470,0.9506084466714388,0.6494520248540294,0.6248495175158131,2.0,0.537487291713496
MNI152NLin2009cAsym_to_MNI152NLin6Asym_res-02,warp,HOSPA,14,Right Lateral Ventricle,0.8776988685053166,1019,841,0.8709677419354839,-17.46810598626104,0.5690439301689821,2.0,1.213175125663185
MNI152NLin2009cAsym_to_MNI152NLin6Asym_res-02,warp,HOSPA,15,Right Thalamus,0.9852382022396302,1283,1279,0.9469164715066355,-0.3117692907248636,0.4759959141981614,2.0,0.6867013749900608
MNI152NLin2009cAsym_to_MNI152NLin6Asym_res-02,warp,HOSPA,16,Right Caudate,0.9758565364541181,511,528,0.9239653512993262,3.3268101761252447,0.3740340030911901,2.0,0.49363762675174444
MNI152NLin2009cAsym_to_MNI152NLin6Asym_res-02,warp,HOSPA,17,Right Putamen,0.9648380722611084,796,764,0.9384615384615385,-4.0201005025125625,0.3914081145584726,2.0,0.41751967991055233
MNI152NLin2009cAsym_to_MNI152NLin6Asym_res-02,warp,HOSPA,18,Right Pallidum,0.9381964477863506,260,248,0.889763779527559,-4.615384615384615,0.546583850931677,2.0,0.4810459781396951
MNI152NLin2009cAsym_to_MNI152NLin6Asym_res-02,warp,HOSPA,19,Right Hippocampus,0.963314714505567,700,731,0.8916841369671559,4.428571428571429,0.5968761259307311,2.0,0.8321312059793271
MNI152NLin2009cAsym_to_MNI152NLin6Asym_res-02,warp,HOSPA,20,Right Amygdala,0.9780738073753142,366,353,0.8762169680111266,-3.551912568306011,0.7146282973621103,2.0,0.8329930572775599
MNI152NLin2009cAsym_to_MNI152NLin6Asym_res-02,warp,HOSPA,21,Right Accumbens,0.965008432494555,84,76,0.9,-9.523809523809524,0.29457364341085274,2.0,0.07727878250894034
